strain_name,sample_count,Percentage
AY.4,831560,19.94418429734861
B.1.1.7,625047,14.991164272577873
AY.103,244587,5.866189096079182
AY.44,211941,5.083205498297612
AY.3,139982,3.357336579815591
AY.43,128015,3.0703193429519002
AY.25,119921,2.8761923675048617
B.1.617.2,93146,2.2340191814912136
AY.122,88935,2.1330223080531754
AY.4.2,88456,2.1215339436796725
B.1.2,80549,1.9318919873095544
AY.100,66612,1.5976261537531695
AY.25.1,58138,1.39438523579688
B.1.177,55516,1.3314990324830505
AY.5,51832,1.2431417582617887
B.1,49045,1.1762981851742058
AY.98,43706,1.0482472929192341
AY.39,41245,0.9892225231422188
unclassifiable,38170,0.9154715409949931
B.1.526,36678,0.8796873246165668
AY.47,33251,0.7974939536186668
AY.26,33078,0.7933447113710344
B.1.429,31167,0.7475111741731975
AY.119,30530,0.7322333284405852
AY.120,30409,0.729331257273166
AY.4.2.2,30261,0.7257816165064052
AY.6,28305,0.6788687966429993
AY.126,21971,0.5269537654493317
B.1.1,21627,0.5187032490725364
AY.20,20180,0.4839983153596793
AY.9.2,19401,0.4653147332157155
AY.4.2.1,18838,0.4518117078664836
AY.118,17888,0.429026851593357
AY.75,16853,0.4042033502852664
AY.9,15193,0.36438981195538195
AY.46.6,14731,0.35330917658887195
B.1.427,14280,0.3424923658739455
B.1.160,14155,0.33949435846958675
AY.121,14012,0.3360646379990004
AY.98.1,13956,0.3347215306818476
AY.46.5,13906,0.3335223277201041
AY.3.1,13823,0.3315316508036099
AY.117,13294,0.31884408346836357
B.1.1.519,12932,0.3101618540253406
B.1.637,12150,0.29140631970367215
D.2,11416,0.2738020202252775
AY.125,11337,0.27190727954572275
AY.14,11287,0.2707080765839792
AY.42,11267,0.2702283953992818
AY.54,10850,0.26022704269834096
AY.127,10370,0.2487146942656033
AY.129,9730,0.2333648963552864
AY.119.2,9549,0.22902378163377493
AY.7.1,8734,0.2094767733573558
AY.33,8647,0.20739016020392206
B.1.243,8615,0.20662267030840623
AY.36,8558,0.20525557893201862
B.1.351,8094,0.19412697544703889
AY.113,7894,0.18933016360006485
AY.111,7732,0.1854447460040159
AY.39.1,6651,0.15951797797112127
B.1.177.7,6197,0.14862921507849022
AY.43.6,6127,0.14695033093204934
Q.3,5884,0.14112220453797586
B.1.258,5518,0.1323440388580134
AY.7,5414,0.12984969669758692
B.1.1.37,5266,0.12630005593082613
AY.13,5207,0.1248849964359688
AY.46,5178,0.12418945871815756
AY.46.4,5038,0.12083169042527574
B.1.177.4,4947,0.11864914103490257
AY.39.1.1,4731,0.11346858424017062
AD.2,4724,0.11330069582552653
AY.4.8,4657,0.11169376385679022
AY.99.2,4552,0.10917543763712886
B.1.234,4516,0.10831201150467352
AY.114,4493,0.10776037814227153
B,4224,0.10130866620809145
B.1.177.57,3932,0.09430532091150938
B.1.240,3916,0.09392157596375145
AY.116.1,3858,0.09253050052812899
B.1.369,3777,0.0905877917301045
AY.4.2.3,3442,0.082553131886423
B.1.221,3289,0.07888357082348788
AY.110,3268,0.07837990557955561
AY.120.1,3229,0.07744452726939567
AY.107,3185,0.07638922866306139
B.1.1.222,3160,0.07578962718218962
AY.4.5,3056,0.07329528502176313
A.1,3054,0.0732473169032934
R.1,3038,0.07286357195553547
AY.43.4,3007,0.0721200661192545
B.1.1.311,2955,0.07087289503904125
B.1.575,2739,0.06569233824430931
AY.2,2638,0.06326994826158741
AY.1,2599,0.062334569951427485
B.1.177.45,2592,0.06216668153678339
B.1.177.81,2501,0.05998413214641021
B.1.177.86,2446,0.05866500888849235
B.1.311,2392,0.057369869689809366
B.1.1.307,2315,0.055523097128724365
B.40,2274,0.05453975070009469
B.1.1.369,2215,0.05312469120523735
AY.4.3,2204,0.05286086655365378
AY.112,2186,0.05242915348742612
B.1.595,2152,0.05161369547344053
B.1.36.17,2104,0.05046246063016677
B.1.623,2046,0.04907138519454429
AY.36.1,2026,0.048591704009846894
AY.124,2009,0.0481839750028541
B.1.400,1990,0.04772827787739157
AY.4.6,1987,0.04765632569968696
AY.90,1965,0.04712867639651982
AY.37,1955,0.046888835804171115
AY.67,1949,0.04674493144876189
AY.5.3,1875,0.044970111065381506
B.1.561,1857,0.04453839799915384
AY.4.9,1839,0.04410668493292618
AY.121.1,1811,0.043435131274349816
B.1.1.1,1762,0.04225991237184118
B.1.1.318,1757,0.04213999207566683
AY.43.8,1717,0.04118062970627202
AY.8,1716,0.04115664564703715
B.1.232,1711,0.0410367253508628
B.1.517,1662,0.039861506448354164
B.1.177.16,1656,0.03971760209294494
B.1.1.434,1641,0.039357841204421894
B.1.177.44,1633,0.03916596873054293
B.1.177.54,1632,0.03914198467130806
B.1.177.15,1614,0.0387102716050804
AY.62,1595,0.038254574479617866
B.1.177.65,1580,0.03789481359109481
AY.4.1,1575,0.03777489329492046
AY.23,1542,0.03698341934016975
B.1.1.39,1510,0.036215929444653905
AY.48,1503,0.03604804103000982
AY.64,1494,0.03583218449689598
P.2,1492,0.03578421637842624
AY.4.10,1483,0.03556835984531241
B.1.177.56,1437,0.03446509312050838
AY.41,1431,0.03432118876509917
B.1.177.8,1392,0.03338581045493923
AY.35,1343,0.03221059155243059
B.1.1.372,1343,0.03221059155243059
AY.10,1337,0.03206668719702137
B.1.177.87,1336,0.0320427031377865
B.1.596,1328,0.031850830663907544
AY.4.15,1325,0.03177887848620293
B.1.177.17,1312,0.03146708571614962
AY.4.4,1297,0.03110732482762657
B.1.565,1286,0.030843500176042992
AY.29,1286,0.030843500176042992
B.1.582,1272,0.030507723346754813
AY.65,1269,0.030435771169050205
AY.16,1268,0.030411787109815333
AY.84,1264,0.030315850872875853
AY.46.1,1260,0.03021991463593637
AY.57,1252,0.03002804216205741
AY.120.2.1,1212,0.029068679792662606
B.1.177.10,1171,0.02808533336403293
AY.80,1146,0.027485731883161175
B.1.258.17,1135,0.027221907231577608
B.1.1.317,1135,0.027221907231577608
B.1.1.291,1121,0.02688613040228942
B.1.177.11,1118,0.026814178224584814
AY.25.3,1117,0.02679019416534994
AY.109,1097,0.026310512980652543
B.1.1.279,1081,0.025926768032894617
B.1.160.16,1078,0.025854815855190005
AY.45,1069,0.025638959322076174
AY.70,1060,0.025423102788962343
AY.122.3,1056,0.025327166552022863
B.1.177.6,1043,0.025015373781969552
B.1.93,1035,0.02482350130809059
B.1.110.3,1031,0.024727565071151106
A,1023,0.024535692597272146
AY.5.4,1021,0.02448772447880241
B.1.609,1017,0.02439178824186293
AY.4.7,1003,0.024056011412574747
B.1.426,1002,0.024032027353339876
AY.32,993,0.023816170820226044
AY.87,990,0.023744218642521436
B.1.241,968,0.02321656933935429
AY.52,958,0.02297672874700559
B.1.1.316,956,0.02292876062853585
B.1.577,951,0.0228088403323615
AY.51,935,0.022425095384603577
B.1.177.18,932,0.02235314320689897
Q.4,905,0.021705573607557472
B.1.320,897,0.021513701133678512
AY.38,887,0.02127386054132981
B.1.389,876,0.02101003588974624
B.1.1.70,872,0.02091409965280676
AY.46.2,870,0.02086613153433702
B.1.1.63,862,0.020674259060458056
B.1.177.5,854,0.020482386586579096
AY.4.2.5,850,0.020386450349639616
AY.106,849,0.020362466290404745
B.1.1.416,830,0.019906769164942214
AY.105,816,0.01957099233565403
B.1.177.58,813,0.019499040157949423
B.1.177.9,812,0.01947505609871455
B.1.1.198,812,0.01947505609871455
B.1.1.301,804,0.019283183624835592
B.1.588,795,0.019067327091721757
B.1.375,787,0.018875454617842798
B.1.160.30,784,0.018803502440138186
W.4,779,0.018683582143963838
AY.134,778,0.018659598084728966
B.1.177.69,778,0.018659598084728966
B.1.391,775,0.018587645907024355
AY.74,766,0.018371789373910524
AY.4.14,755,0.018107964722326952
B.1.568,753,0.018059996603857213
AY.3.3,752,0.01803601254462234
B.1.139,749,0.017964060366917733
B.1.509,747,0.01791609224844799
B.1.564,746,0.01789210818921312
AY.116,744,0.01784414007074338
B.1.177.19,730,0.0175083632414552
AY.101,730,0.0175083632414552
B.1.349,730,0.0175083632414552
B.1.371,724,0.01736445888604598
B.1.551,718,0.01722055453063676
B.1.177.20,714,0.017124618293697276
B.3,710,0.017028682056757796
AY.11,709,0.017004697997522925
B.1.36,696,0.016692905227469614
B.1.409,696,0.016692905227469614
B.1.126,691,0.016572984931295262
AY.92,679,0.016285176220476823
B.1.1.207,674,0.01616525592430247
B.1.1.10,667,0.01599736750965838
AP.1,654,0.01568557473960507
AY.60,627,0.015038005140263577
AY.43.9,626,0.015014021081028705
B.1.361,620,0.014870116725619484
AY.91,617,0.014798164547914874
B.3.1,614,0.014726212370210262
AY.7.2,612,0.014678244251740524
B.1.324,607,0.014558323955566173
B.1.1.464,603,0.014462387718626693
B.1.177.62,599,0.01436645148168721
AY.98.1.1,591,0.01417457900780825
B.33,591,0.01417457900780825
B.1.1.269,579,0.01388677029698981
C.30,570,0.013670913763875978
AY.58,569,0.013646929704641108
B.1.1.51,547,0.013119280401473964
B.1.1.25,546,0.013095296342239096
B.1.1.289,545,0.013071312283004224
B.1.177.43,544,0.013047328223769354
B.1.258.7,539,0.012927407927595003
B.1.177.30,533,0.012783503572185781
AY.81,533,0.012783503572185781
AZ.3,528,0.012663583276011432
B.1.1.348,528,0.012663583276011432
B.1.222,514,0.012327806446723249
AY.88,508,0.01218390209131403
AY.122.4,507,0.01215991803207916
B.1.239,507,0.01215991803207916
B.1.160.7,498,0.011944061498965328
B.1.404,495,0.011872109321260718
B.1.36.39,486,0.011656252788146885
B.1.1.28,486,0.011656252788146885
AY.83,480,0.011512348432737666
B.1.258.3,476,0.011416412195798186
B.1.36.27,475,0.011392428136563314
B.1.305,474,0.011368444077328444
C.35,470,0.011272507840388964
B.1.1.214,463,0.011104619425744873
B.1.351.3,462,0.011080635366510003
B.1.396,451,0.010816810714926432
B.1.280,447,0.01072087447798695
AY.30,447,0.01072087447798695
B.1.1.312,444,0.01064892230028234
Q.1,441,0.010576970122577729
AY.24,430,0.01031314547099416
B.1.1.277,406,0.009737528049357276
B.1.570,404,0.009689559930887536
B.1.617,404,0.009689559930887536
AY.73,403,0.009665575871652664
B.1.13,403,0.009665575871652664
B.1.265,400,0.009593623693948054
B.1.160.14,397,0.009521671516243444
B.1.1.432,395,0.009473703397773703
B.39,391,0.009377767160834223
B.1.214,386,0.009257846864659872
B.1.416.1,386,0.009257846864659872
B.1.346,386,0.009257846864659872
B.1.235,381,0.009137926568485522
AY.4.11,381,0.009137926568485522
B.1.36.16,380,0.009113942509250652
B.1.1.253,372,0.00892207003537169
AY.33.2,371,0.00889808597613682
B.1.1.303,369,0.008850117857667079
B.1.1.228,366,0.008778165679962471
B.1.177.63,364,0.00873019756149273
AY.53,362,0.00868222944302299
AY.94,362,0.00868222944302299
B.1.221.1,361,0.00865824538378812
B.1.142,356,0.008538325087613768
B.1.1.255,354,0.008490356969144028
AY.71,351,0.008418404791439418
B.1.503,350,0.008394420732204547
B.1.399,349,0.008370436672969678
A.23.1,349,0.008370436672969678
B.1.160.26,344,0.008250516376795327
B.1.177.55,343,0.008226532317560457
B.1.177.48,342,0.008202548258325587
B.1.1.286,341,0.008178564199090715
B.1.36.1,337,0.008082627962151236
B.1.1.142,331,0.007938723606742014
AY.77,329,0.007890755488272274
B.1.1.170,325,0.0077948192513327946
B.1.1.4,325,0.0077948192513327946
B.1.1.44,323,0.007746851132863055
B.1.1.33,322,0.007722867073628184
AY.39.2,321,0.007698883014393313
AY.43.3,318,0.007626930836688703
B.1.177.82,311,0.007459042422044613
B.1.1.486,309,0.007411074303574871
B.1.403,301,0.007219201829695911
B.1.610,298,0.0071472496519913
B.1.177.26,297,0.007123265592756431
B.1.36.9,296,0.00709928153352156
AY.3.4,296,0.00709928153352156
B.1.289,296,0.00709928153352156
B.1.258.4,294,0.00705131341505182
B.1.177.23,289,0.00693139311887747
B.1.384,288,0.006907409059642599
AY.4.13,287,0.00688342500040773
B.1.22,285,0.006835456881937989
B.1.1.232,284,0.006811472822703119
B.1.576,283,0.006787488763468248
B.23,280,0.006715536585763638
B.1.201,275,0.006595616289589288
B.1.1.217,272,0.006523664111884677
B.1.3,271,0.006499680052649806
B.1.471,269,0.006451711934180066
B.1.1.192,267,0.0064037438157103265
B.31,266,0.0063797597564754565
B.1.351.2,265,0.006355775697240586
Z.1,263,0.006307807578770846
B.1.1.284,262,0.006283823519535975
B.1.36.8,259,0.006211871341831364
B.1.177.75,258,0.006187887282596495
B.1.1.529,258,0.006187887282596495
B.1.425,254,0.006091951045657015
B.6,253,0.006067966986422145
B.1.1.83,252,0.006043982927187275
B.1.236,252,0.006043982927187275
B.1.223,252,0.006043982927187275
B.1.453,251,0.006019998867952405
B.1.315,250,0.005996014808717534
B.1.433,250,0.005996014808717534
AY.99,249,0.005972030749482664
B.1.1.153,248,0.005948046690247793
B.28,243,0.005828126394073443
B.1.1.220,242,0.005804142334838573
AY.122.6,241,0.005780158275603703
B.1.416,241,0.005780158275603703
AY.61,239,0.005732190157133963
B.1.177.52,239,0.005732190157133963
AY.27,239,0.005732190157133963
B.1.1.240,238,0.005708206097899093
B.1.1.171,238,0.005708206097899093
B.1.1.186,237,0.005684222038664222
B.1.1.67,236,0.005660237979429352
AY.56,232,0.0055643017424898715
B.1.337,231,0.0055403176832550015
AY.5.5,231,0.0055403176832550015
B.1.413,231,0.0055403176832550015
A.2.2,230,0.005516333624020131
B.1.356,230,0.005516333624020131
B.1.1.227,229,0.005492349564785261
B.1.160.23,228,0.005468365505550391
B.1.160.33,228,0.005468365505550391
B.1.177.77,228,0.005468365505550391
B.1.1.74,227,0.005444381446315521
B.1.104,227,0.005444381446315521
B.1.1.219,226,0.005420397387080651
B.1.1.189,225,0.00539641332784578
B.1.1.304,223,0.00534844520937604
B.1.1.241,223,0.00534844520937604
B.1.516,220,0.00527649303167143
B.29,220,0.00527649303167143
B.1.8,220,0.00527649303167143
A.3,219,0.00525250897243656
B.1.1.8,216,0.00518055679473195
B.1.1.135,214,0.005132588676262209
B.1.1.362,214,0.005132588676262209
B.45,212,0.005084620557792468
B.1.177.2,211,0.005060636498557598
B.1.177.60,210,0.005036652439322728
B.1.523,206,0.004940716202383248
B.1.363,206,0.004940716202383248
B.1.36.2,203,0.004868764024678638
B.1.558,203,0.004868764024678638
B.1.160.32,202,0.004844779965443768
B.1.298,202,0.004844779965443768
W.3,201,0.004820795906208898
B.1.1.385,196,0.0047008756100345465
AY.43.1,195,0.0046768915507996766
AY.99.1,194,0.004652907491564806
B.1.160.29,194,0.004652907491564806
B.1.336,193,0.004628923432329936
AY.17,193,0.004628923432329936
B.1.110,192,0.004604939373095066
B.1.1.26,192,0.004604939373095066
B.1.366,191,0.004580955313860196
A.2,189,0.004532987195390456
B.1.206,188,0.004509003136155585
AY.46.3,187,0.004485019076920715
B.1.1.196,185,0.004437050958450975
B.1.401,184,0.004413066899216105
B.1.160.15,184,0.004413066899216105
B.1.301,184,0.004413066899216105
B.1.332,182,0.004365098780746365
B.1.1.164,182,0.004365098780746365
B.1.362.2,181,0.004341114721511495
B.1.612,181,0.004341114721511495
B.1.465,181,0.004341114721511495
B.1.1.297,180,0.004317130662276625
B.1.1.237,180,0.004317130662276625
B.1.1.363,179,0.004293146603041754
B.1.319,178,0.004269162543806884
AY.91.1,178,0.004269162543806884
A.2.3,177,0.004245178484572014
AY.122.1,177,0.004245178484572014
B.1.160.11,176,0.004221194425337143
B.1.111,175,0.004197210366102273
B.1.1.138,174,0.004173226306867403
B.1.443,173,0.0041492422476325334
B.1.1.365,173,0.0041492422476325334
AY.43.2,172,0.0041252581883976635
B.1.567,169,0.004053306010693053
AY.72,167,0.004005337892223313
AY.78,167,0.004005337892223313
B.1.1.294,167,0.004005337892223313
B.1.1.59,166,0.003981353832988443
B.4,165,0.003957369773753573
B.1.1.309,164,0.003933385714518702
B.1.252,164,0.003933385714518702
B.1.1.368,163,0.003909401655283832
B.1.532,162,0.003885417596048962
AY.108,162,0.003885417596048962
AY.49,162,0.003885417596048962
B.1.225,160,0.003837449477579222
B.1.112,159,0.0038134654183443516
B.1.1.194,159,0.0038134654183443516
B.1.382,159,0.0038134654183443516
AY.23.2,159,0.0038134654183443516
B.1.177.84,158,0.0037894813591094817
B.1.549,157,0.003765497299874611
B.1.595.4,157,0.003765497299874611
B.1.1.113,156,0.003741513240639741
B.1.160.12,154,0.003693545122170001
B.1.229,154,0.003693545122170001
B.1.605,152,0.003645577003700261
D.3,151,0.0036215929444653903
B.1.9.4,150,0.0035976088852305204
N.5,150,0.0035976088852305204
B.1.1.453,150,0.0035976088852305204
B.1.1.174,147,0.00352565670752591
B.1.448,146,0.00350167264829104
B.1.421,145,0.0034776885890561693
B.1.91,144,0.0034537045298212994
B.1.35,144,0.0034537045298212994
AY.112.2,143,0.0034297204705864295
B.1.492,143,0.0034297204705864295
B.1.199,140,0.003357768292881819
B.1.306,140,0.003357768292881819
B.1.120,138,0.0033098001744120784
B.1.340,137,0.0032858161151772085
B.1.1.231,137,0.0032858161151772085
B.1.377,135,0.0032378479967074686
AY.103.1,135,0.0032378479967074686
B.1.1.3,135,0.0032378479967074686
B.1.1.41,134,0.0032138639374725986
B.1.323,134,0.0032138639374725986
B.1.599,133,0.0031898798782377283
AY.43.7,133,0.0031898798782377283
B.1.1.89,133,0.0031898798782377283
AY.95,133,0.0031898798782377283
B.1.1.225,132,0.003165895819002858
AA.2,132,0.003165895819002858
C.16,131,0.0031419117597679875
B.1.221.2,131,0.0031419117597679875
B.1.23,130,0.0031179277005331176
B.1.397,130,0.0031179277005331176
B.1.530,130,0.0031179277005331176
B.61,129,0.0030939436412982476
B.1.574,129,0.0030939436412982476
B.1.518,128,0.0030699595820633777
B.1.160.22,128,0.0030699595820633777
B.1.383,126,0.0030219914635936374
B.1.587,126,0.0030219914635936374
B.1.44,126,0.0030219914635936374
B.1.408,126,0.0030219914635936374
C.3,126,0.0030219914635936374
B.1.1.29,125,0.002998007404358767
A.6,125,0.002998007404358767
AY.16.1,125,0.002998007404358767
B.1.157,125,0.002998007404358767
B.1.177.83,125,0.002998007404358767
B.1.258.12,124,0.0029740233451238966
C.12,124,0.0029740233451238966
B.10,124,0.0029740233451238966
B.1.1.12,123,0.0029500392858890266
B.1.177.32,122,0.0029260552266541563
B.1.124,122,0.0029260552266541563
B.1.160.10,122,0.0029260552266541563
B.1.177.21,120,0.0028780871081844164
B.1.177.3,120,0.0028780871081844164
B.1.36.7,120,0.0028780871081844164
B.1.313,119,0.0028541030489495464
B.1.258.5,118,0.002830118989714676
B.1.381,118,0.002830118989714676
B.1.162,118,0.002830118989714676
B.1.1.115,118,0.002830118989714676
B.1.160.31,118,0.002830118989714676
AA.7,118,0.002830118989714676
B.1.469,117,0.002806134930479806
B.1.314,117,0.002806134930479806
B.1.521,117,0.002806134930479806
B.1.166,117,0.002806134930479806
AY.25.2,116,0.0027821508712449357
AY.79,116,0.0027821508712449357
C.23,116,0.0027821508712449357
B.1.541,116,0.0027821508712449357
AY.123,115,0.0027581668120100654
A.5,114,0.0027341827527751954
C.36,114,0.0027341827527751954
AA.4,113,0.0027101986935403255
AZ.2.1,112,0.002686214634305455
B.1.330,112,0.002686214634305455
B.35,112,0.002686214634305455
B.1.1.200,112,0.002686214634305455
B.1.160.20,112,0.002686214634305455
B.1.308,112,0.002686214634305455
B.1.258.14,111,0.002662230575070585
B.55,111,0.002662230575070585
B.11,111,0.002662230575070585
B.1.1.376,107,0.0025662943381311045
A.28,106,0.002542310278896234
B.1.177.51,106,0.002542310278896234
B.1.451,105,0.002518326219661364
B.1.338,105,0.002518326219661364
B.1.36.12,104,0.0024943421604264942
B.1.1.265,103,0.002470358101191624
B.1.273,103,0.002470358101191624
B.1.260,103,0.002470358101191624
AH.2,101,0.002422389982721884
B.1.439,101,0.002422389982721884
B.1.177.71,100,0.0023984059234870136
B.1.1.125,100,0.0023984059234870136
AY.15,98,0.0023504378050172733
B.1.1.419,98,0.0023504378050172733
B.1.177.53,98,0.0023504378050172733
AY.124.1,98,0.0023504378050172733
B.1.160.9,97,0.002326453745782403
B.1.36.10,97,0.002326453745782403
B.1.1.329,97,0.002326453745782403
B.1.268,97,0.002326453745782403
AY.128,97,0.002326453745782403
B.1.597,95,0.002278485627312663
B.1.1.204,95,0.002278485627312663
B.1.215,95,0.002278485627312663
B.1.1.406,94,0.0022545015680777926
B.1.370,94,0.0022545015680777926
B.1.105,94,0.0022545015680777926
B.1.1.47,94,0.0022545015680777926
B.1.1.487,93,0.0022305175088429227
B.1.395,93,0.0022305175088429227
B.1.177.33,92,0.0022065334496080527
B.1.402,92,0.0022065334496080527
B.1.436,92,0.0022065334496080527
B.1.1.205,91,0.0021825493903731823
B.1.1.180,90,0.0021585653311383124
B.1.160.28,89,0.002134581271903442
B.1.108,89,0.002134581271903442
U.1,89,0.002134581271903442
B.1.1.236,89,0.002134581271903442
B.1.1.305,89,0.002134581271903442
B.1.1.308,88,0.0021105972126685716
B.1.258.10,87,0.0020866131534337017
B.1.128,87,0.0020866131534337017
AY.131,86,0.0020626290941988317
B.1.595.1,86,0.0020626290941988317
B.1.591,85,0.002038645034963962
B.1.360,85,0.002038645034963962
B.1.1.134,85,0.002038645034963962
B.1.1.270,85,0.002038645034963962
B.1.190,84,0.0020146609757290914
B.1.147,84,0.0020146609757290914
AY.9.2.2,84,0.0020146609757290914
AY.112.1,83,0.0019906769164942215
B.1.533,83,0.0019906769164942215
B.1.1.141,82,0.001966692857259351
B.1.177.47,82,0.001966692857259351
B.1.1.300,81,0.001942708798024481
B.1.385,81,0.001942708798024481
B.1.189,80,0.001918724738789611
B.1.554,80,0.001918724738789611
B.1.435,80,0.001918724738789611
B.1.1.55,79,0.0018947406795547408
B.1.1.208,79,0.0018947406795547408
AK.1,79,0.0018947406795547408
B.1.1.161,79,0.0018947406795547408
B.4.5,79,0.0018947406795547408
B.1.264,78,0.0018707566203198705
B.1.1.71,78,0.0018707566203198705
B.1.390,78,0.0018707566203198705
B.1.151,78,0.0018707566203198705
B.60,78,0.0018707566203198705
B.1.1.310,78,0.0018707566203198705
AY.124.1.1,78,0.0018707566203198705
AA.1,77,0.0018467725610850005
B.1.1.306,76,0.0018227885018501306
B.1.1.15,76,0.0018227885018501306
B.1.146,76,0.0018227885018501306
B.1.1.257,75,0.0017988044426152602
B.1.1.299,75,0.0017988044426152602
B.1.1.50,75,0.0017988044426152602
B.1.1.256,74,0.00177482038338039
B.1.1.521,74,0.00177482038338039
B.1.294,74,0.00177482038338039
B.1.117,73,0.00175083632414552
B.1.1.459,73,0.00175083632414552
AY.86,73,0.00175083632414552
B.1.76,73,0.00175083632414552
B.1.177.28,73,0.00175083632414552
K.2,72,0.0017268522649106497
AY.119.1,72,0.0017268522649106497
B.1.1.128,72,0.0017268522649106497
B.1.1.517,72,0.0017268522649106497
B.1.238,72,0.0017268522649106497
B.1.418,71,0.0017028682056757798
B.58,71,0.0017028682056757798
B.1.602,71,0.0017028682056757798
B.1.1.262,71,0.0017028682056757798
B.1.1.58,71,0.0017028682056757798
R.2,70,0.0016788841464409096
B.1.1.61,70,0.0016788841464409096
B.1.1.397,69,0.0016549000872060392
AA.6,69,0.0016549000872060392
B.1.1.323,69,0.0016549000872060392
B.1.1.130,68,0.0016309160279711693
B.1.485,68,0.0016309160279711693
AS.2,68,0.0016309160279711693
B.52,68,0.0016309160279711693
B.1.405,67,0.0016069319687362993
B.1.1.165,67,0.0016069319687362993
B.1.1.49,67,0.0016069319687362993
B.1.36.29,66,0.001582947909501429
B.1.165,66,0.001582947909501429
AY.127.1,66,0.001582947909501429
AA.5,66,0.001582947909501429
B.1.1.132,66,0.001582947909501429
B.1.480,65,0.0015589638502665588
B.1.37,65,0.0015589638502665588
B.1.1.43,65,0.0015589638502665588
B.1.1.374,65,0.0015589638502665588
B.1.1.285,64,0.0015349797910316888
B.1.1.149,64,0.0015349797910316888
B.1.1.296,63,0.0015109957317968187
B.1.556,62,0.0014870116725619483
B.1.550,62,0.0014870116725619483
B.1.1.57,62,0.0014870116725619483
B.1.398,61,0.0014630276133270781
B.1.210,60,0.0014390435540922082
B.1.515,59,0.001415059494857338
B.1.113,59,0.001415059494857338
B.1.379,59,0.001415059494857338
B.1.256,59,0.001415059494857338
B.1.524,59,0.001415059494857338
C.27,59,0.001415059494857338
B.1.344,58,0.0013910754356224679
AY.123.1,58,0.0013910754356224679
B.1.177.73,58,0.0013910754356224679
B.1.1.216,58,0.0013910754356224679
B.1.103,57,0.0013670913763875977
B.1.438.4,57,0.0013670913763875977
B.1.1.45,57,0.0013670913763875977
B.57,56,0.0013431073171527275
B.1.1.378,56,0.0013431073171527275
B.1.543,56,0.0013431073171527275
B.1.78,56,0.0013431073171527275
B.1.1.14,56,0.0013431073171527275
B.1.580,56,0.0013431073171527275
B.1.563,55,0.0013191232579178576
B.1.220,55,0.0013191232579178576
B.1.1.137,55,0.0013191232579178576
B.1.400.1,54,0.0012951391986829874
B.1.355,54,0.0012951391986829874
B.1.1.17,53,0.001271155139448117
AY.66,53,0.001271155139448117
B.1.348,53,0.001271155139448117
B.1.1.251,53,0.001271155139448117
B.27,53,0.001271155139448117
W.1,52,0.0012471710802132471
B.1.258.6,52,0.0012471710802132471
B.1.1.274,52,0.0012471710802132471
V.2,52,0.0012471710802132471
B.1.1.95,51,0.001223187020978377
B.1.293,51,0.001223187020978377
B.34,51,0.001223187020978377
B.1.1.123,51,0.001223187020978377
B.1.473,51,0.001223187020978377
B.1.507,51,0.001223187020978377
AY.55,51,0.001223187020978377
B.1.1.158,51,0.001223187020978377
B.1.560,51,0.001223187020978377
B.1.1.172,50,0.0011992029617435068
B.1.1.450,50,0.0011992029617435068
B.1.250,49,0.0011752189025086366
AY.50,48,0.0011512348432737665
AZ.2,48,0.0011512348432737665
AY.133,47,0.0011272507840388963
B.1.237,47,0.0011272507840388963
B.1.579,47,0.0011272507840388963
B.1.1.290,47,0.0011272507840388963
B.1.1.213,47,0.0011272507840388963
B.1.36.24,47,0.0011272507840388963
AA.8,46,0.0011032667248040264
B.1.213,46,0.0011032667248040264
B.15,46,0.0011032667248040264
B.1.119,46,0.0011032667248040264
B.1.177.89,46,0.0011032667248040264
B.1.460,45,0.0010792826655691562
AY.20.1,45,0.0010792826655691562
B.1.1.461,45,0.0010792826655691562
B.1.251,45,0.0010792826655691562
B.1.1.315,45,0.0010792826655691562
B.1.40,45,0.0010792826655691562
B.1.1.322,44,0.0010552986063342858
B.46,44,0.0010552986063342858
B.1.545,44,0.0010552986063342858
AY.122.2,44,0.0010552986063342858
V.1,43,0.0010313145470994159
B.1.153,43,0.0010313145470994159
B.1.36.20,43,0.0010313145470994159
Q.7,43,0.0010313145470994159
B.1.14,41,0.0009833464286296755
B.1.1.408,41,0.0009833464286296755
B.1.36.35,41,0.0009833464286296755
AY.22,41,0.0009833464286296755
B.1.1.168,41,0.0009833464286296755
B.1.258.23,41,0.0009833464286296755
B.1.9,41,0.0009833464286296755
B.1.437,40,0.0009593623693948055
B.1.546,40,0.0009593623693948055
N.4,40,0.0009593623693948055
B.1.1.244,39,0.0009353783101599352
B.1.214.2,39,0.0009353783101599352
B.1.1.40,39,0.0009353783101599352
B.1.350,39,0.0009353783101599352
B.1.282,39,0.0009353783101599352
B.26,39,0.0009353783101599352
AY.102,39,0.0009353783101599352
B.1.575.1,38,0.0009113942509250653
C.2.1,38,0.0009113942509250653
B.1.12,38,0.0009113942509250653
B.1.452,38,0.0009113942509250653
B.1.177.85,38,0.0009113942509250653
N.1,38,0.0009113942509250653
B.1.1.34,37,0.000887410191690195
AY.29.1,37,0.000887410191690195
B.1.489,37,0.000887410191690195
B.1.1.136,37,0.000887410191690195
B.1.168,37,0.000887410191690195
B.1.1.429,37,0.000887410191690195
B.1.160.27,36,0.0008634261324553248
B.1.441,36,0.0008634261324553248
B.1.559,36,0.0008634261324553248
AY.21,36,0.0008634261324553248
AA.3,36,0.0008634261324553248
B.1.1.5,36,0.0008634261324553248
B.1.1.93,36,0.0008634261324553248
B.1.173,36,0.0008634261324553248
B.1.505,36,0.0008634261324553248
AY.4.2.4,35,0.0008394420732204548
B.1.1.344,35,0.0008394420732204548
B.1.329,35,0.0008394420732204548
B.1.97,35,0.0008394420732204548
AY.5.2,35,0.0008394420732204548
B.43,35,0.0008394420732204548
B.1.1.360,35,0.0008394420732204548
B.1.552,35,0.0008394420732204548
B.1.1.371,35,0.0008394420732204548
AY.33.1,34,0.0008154580139855846
B.1.274,34,0.0008154580139855846
B.47,34,0.0008154580139855846
B.1.1.379,34,0.0008154580139855846
B.20,34,0.0008154580139855846
B.1.501,34,0.0008154580139855846
B.1.287,33,0.0007914739547507145
B.1.9.1,33,0.0007914739547507145
N.8,33,0.0007914739547507145
AY.29.2,33,0.0007914739547507145
B.1.267,33,0.0007914739547507145
B.1.1.97,33,0.0007914739547507145
B.1.1.218,33,0.0007914739547507145
B.1.96,33,0.0007914739547507145
B.1.258.2,33,0.0007914739547507145
AY.120.2,32,0.0007674898955158444
A.4,32,0.0007674898955158444
AY.25.1.1,32,0.0007674898955158444
B.1.1.139,32,0.0007674898955158444
B.1.81,32,0.0007674898955158444
B.1.1.107,32,0.0007674898955158444
B.1.247,32,0.0007674898955158444
B.1.254,32,0.0007674898955158444
B.1.1.482,32,0.0007674898955158444
B.1.1.229,31,0.0007435058362809741
B.1.1.111,31,0.0007435058362809741
B.1.177.31,31,0.0007435058362809741
B.1.445,31,0.0007435058362809741
B.1.1.467,31,0.0007435058362809741
B.1.248,31,0.0007435058362809741
B.4.4,31,0.0007435058362809741
AY.31,31,0.0007435058362809741
B.1.177.72,30,0.0007195217770461041
B.1.38,30,0.0007195217770461041
B.1.508,30,0.0007195217770461041
B.1.1.92,29,0.0006955377178112339
B.1.188,29,0.0006955377178112339
AE.6,29,0.0006955377178112339
B.1.302,29,0.0006955377178112339
B.1.240.2,29,0.0006955377178112339
B.1.328,29,0.0006955377178112339
B.1.1.120,29,0.0006955377178112339
B.1.281,29,0.0006955377178112339
B.1.1.480,29,0.0006955377178112339
B.1.428.1,29,0.0006955377178112339
B.1.1.380,29,0.0006955377178112339
B.1.1.166,29,0.0006955377178112339
B.1.1.239,29,0.0006955377178112339
B.1.231,29,0.0006955377178112339
B.32,28,0.0006715536585763638
B.1.1.514,28,0.0006715536585763638
B.1.1.48,28,0.0006715536585763638
B.1.159,28,0.0006715536585763638
B.1.1.507,28,0.0006715536585763638
B.1.415,28,0.0006715536585763638
B.1.378,28,0.0006715536585763638
AY.42.1,28,0.0006715536585763638
N.9,27,0.0006475695993414937
B.1.258.24,27,0.0006475695993414937
AY.59,27,0.0006475695993414937
B.1.498,27,0.0006475695993414937
B.1.160.19,27,0.0006475695993414937
B.1.493,27,0.0006475695993414937
B.1.1.395,27,0.0006475695993414937
AY.75.2,27,0.0006475695993414937
B.1.187,27,0.0006475695993414937
C.18,27,0.0006475695993414937
B.1.131,26,0.0006235855401066236
B.1.407,26,0.0006235855401066236
B.1.1.144,26,0.0006235855401066236
B.1.245,26,0.0006235855401066236
B.30,26,0.0006235855401066236
B.1.479,26,0.0006235855401066236
B.1.143,26,0.0006235855401066236
B.1.1.403,26,0.0006235855401066236
B.1.1.162,26,0.0006235855401066236
B.1.1.197,26,0.0006235855401066236
B.1.1.86,26,0.0006235855401066236
B.1.1.302,26,0.0006235855401066236
B.1.442,25,0.0005996014808717534
B.1.578,25,0.0005996014808717534
B.1.497,25,0.0005996014808717534
B.1.494,25,0.0005996014808717534
B.1.9.5,25,0.0005996014808717534
AY.5.1,25,0.0005996014808717534
B.1.555,25,0.0005996014808717534
AY.69,25,0.0005996014808717534
B.1.335,25,0.0005996014808717534
B.1.1.382,25,0.0005996014808717534
B.1.431,25,0.0005996014808717534
B.1.1.82,25,0.0005996014808717534
B.1.496,25,0.0005996014808717534
B.1.304,25,0.0005996014808717534
AY.104,25,0.0005996014808717534
B.1.468,25,0.0005996014808717534
B.1.572,24,0.0005756174216368832
B.1.1.109,24,0.0005756174216368832
B.1.106,24,0.0005756174216368832
B.1.1.119,24,0.0005756174216368832
B.1.70,24,0.0005756174216368832
B.1.1.177,24,0.0005756174216368832
B.1.1.445,24,0.0005756174216368832
AY.82,24,0.0005756174216368832
B.1.1.437,24,0.0005756174216368832
B.1.1.282,23,0.0005516333624020132
B.1.77,23,0.0005516333624020132
B.1.420,23,0.0005516333624020132
B.1.606,23,0.0005516333624020132
AF.1,23,0.0005516333624020132
AY.39.3,23,0.0005516333624020132
B.1.1.254,23,0.0005516333624020132
B.1.1.181,23,0.0005516333624020132
B.1.318,22,0.0005276493031671429
B.1.1.178,22,0.0005276493031671429
AN.1,22,0.0005276493031671429
B.1.590,21,0.0005036652439322729
B.1.438.3,21,0.0005036652439322729
B.1.1.203,21,0.0005036652439322729
B.1.1.226,21,0.0005036652439322729
B.18,21,0.0005036652439322729
B.1.359,21,0.0005036652439322729
G.1,21,0.0005036652439322729
B.1.596.1,21,0.0005036652439322729
B.1.181,21,0.0005036652439322729
B.13,21,0.0005036652439322729
B.1.160.25,21,0.0005036652439322729
C.14,20,0.00047968118469740275
B.1.36.22,20,0.00047968118469740275
AY.122.5,20,0.00047968118469740275
N.7,20,0.00047968118469740275
B.1.1.38,20,0.00047968118469740275
B.1.1.154,20,0.00047968118469740275
B.1.566,20,0.00047968118469740275
B.1.467,20,0.00047968118469740275
B.1.1.98,20,0.00047968118469740275
B.1.1.77,20,0.00047968118469740275
B.1.1.210,20,0.00047968118469740275
B.1.67,19,0.00045569712546253264
B.1.1.352,19,0.00045569712546253264
B.1.1.190,19,0.00045569712546253264
A.23,19,0.00045569712546253264
B.1.499,19,0.00045569712546253264
B.1.1.383,19,0.00045569712546253264
A.26,19,0.00045569712546253264
N.2,19,0.00045569712546253264
B.1.450,19,0.00045569712546253264
B.1.1.46,19,0.00045569712546253264
B.1.438.1,19,0.00045569712546253264
B.12,19,0.00045569712546253264
B.1.362,19,0.00045569712546253264
B.1.333,19,0.00045569712546253264
B.51,19,0.00045569712546253264
B.1.1.145,19,0.00045569712546253264
B.1.595.3,18,0.0004317130662276624
B.1.1.209,18,0.0004317130662276624
B.1.233,18,0.0004317130662276624
B.1.1.243,18,0.0004317130662276624
B.1.1.114,18,0.0004317130662276624
B.1.428,18,0.0004317130662276624
B.1.1.361,18,0.0004317130662276624
B.1.1.258,18,0.0004317130662276624
B.1.607,18,0.0004317130662276624
B.1.321,18,0.0004317130662276624
N.6,18,0.0004317130662276624
B.1.462,17,0.0004077290069927923
B.19,17,0.0004077290069927923
B.1.1.268,17,0.0004077290069927923
B.1.557,17,0.0004077290069927923
B.1.36.38,17,0.0004077290069927923
B.4.7,17,0.0004077290069927923
B.1.39,17,0.0004077290069927923
B.1.334,17,0.0004077290069927923
B.1.1.13,17,0.0004077290069927923
B.1.1.441,17,0.0004077290069927923
B.1.341,17,0.0004077290069927923
B.1.1.485,16,0.0003837449477579222
B.1.1.426,16,0.0003837449477579222
B.1.1.116,16,0.0003837449477579222
B.1.177.50,16,0.0003837449477579222
B.1.310,16,0.0003837449477579222
B.1.116,16,0.0003837449477579222
B.1.179,16,0.0003837449477579222
B.1.177.35,16,0.0003837449477579222
B.6.6,16,0.0003837449477579222
L.4,16,0.0003837449477579222
AE.7,15,0.00035976088852305205
B.1.276,15,0.00035976088852305205
C.4,15,0.00035976088852305205
B.1.491,15,0.00035976088852305205
AE.4,15,0.00035976088852305205
B.1.362.1,15,0.00035976088852305205
B.1.1.463,15,0.00035976088852305205
B.1.1.118,15,0.00035976088852305205
C.26,15,0.00035976088852305205
B.1.571,15,0.00035976088852305205
B.1.214.3,15,0.00035976088852305205
B.1.36.18,15,0.00035976088852305205
B.1.589,15,0.00035976088852305205
B.1.1.440,14,0.0003357768292881819
B.1.581,14,0.0003357768292881819
B.1.198,14,0.0003357768292881819
AE.2,14,0.0003357768292881819
AY.43.5,14,0.0003357768292881819
B.1.393,14,0.0003357768292881819
B.1.1.518,14,0.0003357768292881819
B.1.595.2,14,0.0003357768292881819
C.28,14,0.0003357768292881819
A.25,14,0.0003357768292881819
B.1.170,14,0.0003357768292881819
AY.25.1.2,14,0.0003357768292881819
B.1.160.13,14,0.0003357768292881819
B.1.277,14,0.0003357768292881819
B.1.1.355,13,0.0003117927700533118
B.1.504,13,0.0003117927700533118
B.1.1.339,13,0.0003117927700533118
B.1.219,13,0.0003117927700533118
B.1.1.448,13,0.0003117927700533118
B.1.167,13,0.0003117927700533118
L.2,13,0.0003117927700533118
B.1.502,13,0.0003117927700533118
B.1.6,13,0.0003117927700533118
B.1.249,13,0.0003117927700533118
B.1.163,13,0.0003117927700533118
B.1.586,13,0.0003117927700533118
B.1.406,12,0.0002878087108184416
B.1.1.354,12,0.0002878087108184416
B.1.1.148,12,0.0002878087108184416
B.1.1.402,12,0.0002878087108184416
B.1.1.263,12,0.0002878087108184416
B.1.177.12,12,0.0002878087108184416
B.1.178,12,0.0002878087108184416
B.1.1.16,12,0.0002878087108184416
B.1.1.280,12,0.0002878087108184416
B.1.1.356,12,0.0002878087108184416
B.1.1.392,12,0.0002878087108184416
B.1.1.433,12,0.0002878087108184416
D.4,12,0.0002878087108184416
B.1.520,12,0.0002878087108184416
M.2,12,0.0002878087108184416
M.3,12,0.0002878087108184416
B.1.1.249,12,0.0002878087108184416
B.1.1.155,12,0.0002878087108184416
B.1.1.133,12,0.0002878087108184416
B.1.527,11,0.00026382465158357145
B.1.495,11,0.00026382465158357145
B.1.1.159,11,0.00026382465158357145
B.1.1.187,11,0.00026382465158357145
B.1.184,11,0.00026382465158357145
AY.76,11,0.00026382465158357145
C.5,11,0.00026382465158357145
B.1.487,11,0.00026382465158357145
B.1.258.16,11,0.00026382465158357145
C.20,11,0.00026382465158357145
B.1.1.423,11,0.00026382465158357145
AY.93,10,0.00023984059234870137
B.1.466,10,0.00023984059234870137
A.11,10,0.00023984059234870137
C.17,10,0.00023984059234870137
B.1.195,10,0.00023984059234870137
B.1.9.2,10,0.00023984059234870137
B.1.145,10,0.00023984059234870137
B.1.1.367,9,0.0002158565331138312
B.1.500,9,0.0002158565331138312
B.5,9,0.0002158565331138312
B.1.478,9,0.0002158565331138312
B.1.1.500,9,0.0002158565331138312
B.1.1.242,9,0.0002158565331138312
AY.23.1,9,0.0002158565331138312
B.1.211,9,0.0002158565331138312
B.1.1.117,9,0.0002158565331138312
B.1.177.59,8,0.0001918724738789611
B.42,8,0.0001918724738789611
B.1.69,8,0.0001918724738789611
B.1.258.11,8,0.0001918724738789611
B.1.1.458,8,0.0001918724738789611
B.1.1.122,8,0.0001918724738789611
C.1,8,0.0001918724738789611
B.1.177.74,8,0.0001918724738789611
B.1.177.24,8,0.0001918724738789611
B.41,8,0.0001918724738789611
B.1.438,8,0.0001918724738789611
AY.4.12,8,0.0001918724738789611
B.1.1.169,8,0.0001918724738789611
C.36.3,7,0.00016788841464409094
B.1.205,7,0.00016788841464409094
AY.4.17,7,0.00016788841464409094
B.1.350.1,7,0.00016788841464409094
AY.5.6,7,0.00016788841464409094
B.1.1.175,7,0.00016788841464409094
B.1.309,7,0.00016788841464409094
B.1.36.26,7,0.00016788841464409094
B.1.513,7,0.00016788841464409094
B.1.1.370,7,0.00016788841464409094
B.1.1.121,7,0.00016788841464409094
B.1.1.409,7,0.00016788841464409094
B.1.1.484,7,0.00016788841464409094
B.1.1.349,7,0.00016788841464409094
B.1.1.185,6,0.0001439043554092208
B.1.137,6,0.0001439043554092208
B.1.1.275,6,0.0001439043554092208
AH.1,6,0.0001439043554092208
C.2,6,0.0001439043554092208
B.1.351.5,6,0.0001439043554092208
Q.6,6,0.0001439043554092208
B.1.483,6,0.0001439043554092208
B.1.1.398,6,0.0001439043554092208
B.1.510,6,0.0001439043554092208
B.1.1.160,6,0.0001439043554092208
Q.8,6,0.0001439043554092208
B.1.1.54,6,0.0001439043554092208
B.1.1.326,6,0.0001439043554092208
B.1.110.2,6,0.0001439043554092208
B.1.1.75,6,0.0001439043554092208
B.1.164,6,0.0001439043554092208
N.3,6,0.0001439043554092208
B.1.1.101,6,0.0001439043554092208
B.1.1.261,6,0.0001439043554092208
B.1.1.421,6,0.0001439043554092208
L.3,5,0.00011992029617435069
B.1.1.338,5,0.00011992029617435069
B.1.446,5,0.00011992029617435069
B.1.177.39,5,0.00011992029617435069
C.30.1,5,0.00011992029617435069
AY.46.6.1,5,0.00011992029617435069
AY.26.1,5,0.00011992029617435069
B.37,5,0.00011992029617435069
B.1.194,5,0.00011992029617435069
AK.2,5,0.00011992029617435069
B.1.1.359,5,0.00011992029617435069
B.1.1.182,5,0.00011992029617435069
B.1.1.62,5,0.00011992029617435069
A.7,4,9.593623693948055e-05
B.1.177.68,4,9.593623693948055e-05
B.1.1.347,4,9.593623693948055e-05
B.1.470,4,9.593623693948055e-05
A.12,4,9.593623693948055e-05
B.1.161,4,9.593623693948055e-05
B.1.1.373,4,9.593623693948055e-05
B.1.1.230,4,9.593623693948055e-05
Y.1,4,9.593623693948055e-05
B.1.182,4,9.593623693948055e-05
B.1.1.466,4,9.593623693948055e-05
B.1.258.22,4,9.593623693948055e-05
P.1,4,9.593623693948055e-05
AY.19,4,9.593623693948055e-05
B.1.227,4,9.593623693948055e-05
B.1.177.41,4,9.593623693948055e-05
B.1.600,3,7.19521777046104e-05
BA.1,3,7.19521777046104e-05
B.1.177.46,3,7.19521777046104e-05
W.2,3,7.19521777046104e-05
AZ.1,3,7.19521777046104e-05
C.13,3,7.19521777046104e-05
B.1.535,3,7.19521777046104e-05
B.1.1.512,3,7.19521777046104e-05
AG.1,3,7.19521777046104e-05
B.1.343,3,7.19521777046104e-05
B.1.1.335,3,7.19521777046104e-05
AY.4.16,3,7.19521777046104e-05
B.1.208,3,7.19521777046104e-05
B.1.372,3,7.19521777046104e-05
B.1.177.80,3,7.19521777046104e-05
B.1.1.99,3,7.19521777046104e-05
B.1.456,3,7.19521777046104e-05
B.1.564.1,3,7.19521777046104e-05
B.1.1.447,3,7.19521777046104e-05
B.1.432,3,7.19521777046104e-05
B.1.94,3,7.19521777046104e-05
B.1.562,3,7.19521777046104e-05
B.1.422,3,7.19521777046104e-05
B.1.177.76,3,7.19521777046104e-05
C.32,3,7.19521777046104e-05
B.1.1.462,3,7.19521777046104e-05
B.1.177.67,3,7.19521777046104e-05
Q.2,3,7.19521777046104e-05
B.1.36.19,3,7.19521777046104e-05
B.1.1.88,3,7.19521777046104e-05
B.1.221.3,3,7.19521777046104e-05
B.1.212,2,4.7968118469740276e-05
B.1.177.25,2,4.7968118469740276e-05
B.1.540,2,4.7968118469740276e-05
B.1.1.357,2,4.7968118469740276e-05
B.1.424,2,4.7968118469740276e-05
B.1.434,2,4.7968118469740276e-05
B.1.284,2,4.7968118469740276e-05
D.5,2,4.7968118469740276e-05
B.1.354,2,4.7968118469740276e-05
B.1.160.8,2,4.7968118469740276e-05
B.1.1.391,2,4.7968118469740276e-05
B.1.357,2,4.7968118469740276e-05
B.1.1.411,2,4.7968118469740276e-05
AE.1,2,4.7968118469740276e-05
B.1.1.283,2,4.7968118469740276e-05
B.1.110.1,2,4.7968118469740276e-05
B.1.1.334,2,4.7968118469740276e-05
B.1.1.129,2,4.7968118469740276e-05
B.1.36.33,2,4.7968118469740276e-05
B.1.134,2,4.7968118469740276e-05
B.1.548,2,4.7968118469740276e-05
B.1.1.431,2,4.7968118469740276e-05
B.1.1.266,2,4.7968118469740276e-05
B.1.1.298,2,4.7968118469740276e-05
B.1.1.366,2,4.7968118469740276e-05
B.1.263,2,4.7968118469740276e-05
AY.39.1.4,2,4.7968118469740276e-05
AY.125.1,2,4.7968118469740276e-05
B.1.1.513,2,4.7968118469740276e-05
P.1.16,2,4.7968118469740276e-05
AY.39.1.2,2,4.7968118469740276e-05
B.38,2,4.7968118469740276e-05
U.3,2,4.7968118469740276e-05
AY.75.3,2,4.7968118469740276e-05
AD.1,2,4.7968118469740276e-05
B.1.511,2,4.7968118469740276e-05
B.1.1.152,2,4.7968118469740276e-05
AQ.1,2,4.7968118469740276e-05
B.1.177.70,1,2.3984059234870138e-05
B.1.528,1,2.3984059234870138e-05
B.1.160.17,1,2.3984059234870138e-05
B.1.1.157,1,2.3984059234870138e-05
AY.34,1,2.3984059234870138e-05
B.1.1.110,1,2.3984059234870138e-05
AM.2,1,2.3984059234870138e-05
B.1.1.412,1,2.3984059234870138e-05
AE.5,1,2.3984059234870138e-05
B.1.1.325,1,2.3984059234870138e-05
B.1.258.9,1,2.3984059234870138e-05
B.1.258.15,1,2.3984059234870138e-05
B.1.476,1,2.3984059234870138e-05
B.1.36.37,1,2.3984059234870138e-05
AY.112.3,1,2.3984059234870138e-05
B.1.177.14,1,2.3984059234870138e-05
B.1.115,1,2.3984059234870138e-05
B.1.1.449,1,2.3984059234870138e-05
B.1.1.221,1,2.3984059234870138e-05
B.1.1.319,1,2.3984059234870138e-05
B.1.547,1,2.3984059234870138e-05
B.1.1.273,1,2.3984059234870138e-05
B.1.118,1,2.3984059234870138e-05
S.1,1,2.3984059234870138e-05
C.33,1,2.3984059234870138e-05
B.1.177.64,1,2.3984059234870138e-05
B.1.1.410,1,2.3984059234870138e-05
AW.1,1,2.3984059234870138e-05
B.1.459,1,2.3984059234870138e-05
B.1.180,1,2.3984059234870138e-05
B.6.3,1,2.3984059234870138e-05
B.1.1.393,1,2.3984059234870138e-05
B.1.1.336,1,2.3984059234870138e-05
B.1.177.49,1,2.3984059234870138e-05
B.1.1.90,1,2.3984059234870138e-05
B.1.177.61,1,2.3984059234870138e-05
B.1.177.40,1,2.3984059234870138e-05
B.1.342,1,2.3984059234870138e-05
B.4.1,1,2.3984059234870138e-05
B.1.36.36,1,2.3984059234870138e-05
B.1.1.342,1,2.3984059234870138e-05
B.1.177.42,1,2.3984059234870138e-05
B.1.1.404,1,2.3984059234870138e-05
B.1.177.38,1,2.3984059234870138e-05
B.53,1,2.3984059234870138e-05
B.1.1.381,1,2.3984059234870138e-05
B.1.482,1,2.3984059234870138e-05
B.1.169,1,2.3984059234870138e-05
B.1.1.27,1,2.3984059234870138e-05
B.36,1,2.3984059234870138e-05
C.25,1,2.3984059234870138e-05
B.1.1.353,1,2.3984059234870138e-05
B.1.1.407,1,2.3984059234870138e-05
B.1.1.506,1,2.3984059234870138e-05
B.4.6,1,2.3984059234870138e-05
