TS,Mutation,Full Context,CodonPos,AA Mutation,Region,Type,Left Context,Right Context,Raw Cat Features,Freq,Hydro,Charge,Size,BLSM62,PAM250,LogRatioDiff,LogRatioBef,RSCU_Human,RSCU_SCV2
0,C14408T,CAC[C->T]TAC,2,P323L,nsp12,Non-Synonymous,CAC,TAC,"[3, 14408, 2, 2, 15, 323, 11, 12, 0, 3, 1, 3, 2, 1, 3]",365.0,0.60,0.00,15.00,-3.0,-3.0,-0.4123,0.2132,-0.3566,-0.0600
1,A23403G,AGG[A->G]TGT,2,D614G,S,Non-Synonymous,AGG,TGT,"[1, 23403, 4, 2, 4, 614, 8, 18, 0, 1, 4, 4, 2, 4, 2]",184.0,0.88,1.00,-58.00,-1.0,1.0,-0.2570,0.1138,-0.2767,0.3600
2,C241T,TTT[C->T]GTC,0,-,non_coding1,Synonymous,TTT,GTC,"[3, 241, 2, 0, 22, 0, 22, 1, 1, 2, 2, 2, 4, 2, 3]",401.0,0.00,0.00,0.00,0.0,0.0,0.0000,0.0000,0.0000,0.0000
3,C3037T,TTT[C->T]TAC,3,F106F,nsp3,Synonymous,TTT,TAC,"[3, 3037, 2, 3, 14, 106, 14, 4, 1, 2, 2, 2, 2, 1, 3]",427.0,0.00,0.00,0.00,0.0,9.0,-0.3234,-0.0166,-0.1435,0.5800
4,G29742T,CAC[G->T]CGG,0,-,non_coding11,Synonymous,CAC,CGG,"[4, 29742, 2, 0, 22, 0, 22, 36, 1, 3, 1, 3, 3, 4, 4]",1103.0,0.00,0.00,0.00,0.0,0.0,0.0000,0.0000,0.0000,0.0000
5,T22917G,ACC[T->G]GTA,2,L452R,S,Non-Synonymous,ACC,GTA,"[2, 22917, 4, 2, 11, 452, 2, 18, 0, 1, 3, 3, 4, 2, 1]",1462.0,-2.33,1.00,44.00,-2.0,-3.0,-0.1558,0.6936,-1.1649,-0.1900
6,T27638C,CAG[T->C]TTC,2,V82A,ORF7a,Non-Synonymous,CAG,TTC,"[2, 27638, 3, 2, 20, 82, 1, 28, 0, 3, 1, 4, 2, 2, 3]",669.0,-0.29,0.00,-28.00,0.0,0.0,0.3627,-0.3261,0.3366,0.1000
7,G28881T,GTA[G->T]GGG,2,R203M,N,Non-Synonymous,GTA,GGG,"[4, 28881, 2, 2, 2, 203, 13, 33, 0, 4, 2, 1, 4, 4, 4]",403.0,2.06,-1.00,-26.00,-1.0,0.0,0.2870,-0.0135,-0.2665,-0.3200
8,C21618G,TTA[C->G]AAC,2,T19R,S,Non-Synonymous,TTA,AAC,"[3, 21618, 4, 2, 17, 19, 2, 18, 0, 2, 2, 1, 1, 1, 3]",913.0,-1.62,1.00,56.00,-1.0,-1.0,-0.1405,-0.2183,0.1512,1.5100
9,G210T,CGT[G->T]TTG,0,-,non_coding1,Synonymous,CGT,TTG,"[4, 210, 2, 0, 22, 0, 22, 1, 1, 3, 4, 2, 2, 2, 4]",1143.0,0.00,0.00,0.00,0.0,0.0,0.0000,0.0000,0.0000,0.0000
10 (cooc:2),C23604G,CTC[C->G]TCG,2,P681R,S,Non-Synonymous,CTC,TCG,"[3, 23604, 4, 2, 15, 681, 2, 18, 0, 3, 2, 3, 2, 3, 4]",296.0,-1.73,1.00,59.00,-2.0,0.0,-0.2900,0.2132,-0.6663,-0.8900
10 (cooc:2),G29402T,GCT[G->T]ATG,1,D377Y,N,Non-Synonymous,GCT,ATG,"[4, 29402, 2, 1, 4, 377, 19, 33, 0, 4, 3, 2, 1, 2, 4]",1660.0,0.74,1.00,48.00,-3.0,-4.0,-0.4733,0.1138,-0.0424,-0.0500
11,C25469T,CTT[C->T]AGA,2,S26L,ORF3a,Non-Synonymous,CTT,AGA,"[3, 25469, 2, 2, 16, 26, 11, 20, 0, 3, 2, 2, 1, 4, 1]",1286.0,0.79,0.00,26.00,-2.0,-3.0,-0.3293,-0.1528,-0.4437,0.2900
12 (cooc:3),C22995A,GCA[C->A]ACC,2,T478K,S,Non-Synonymous,GCA,ACC,"[3, 22995, 1, 2, 17, 478, 12, 18, 0, 4, 3, 1, 1, 3, 3]",737.0,-0.92,1.00,28.00,-1.0,0.0,0.1234,-0.2183,-0.2687,0.0000
12 (cooc:3),C27752T,AGA[C->T]AGA,2,T120I,ORF7a,Non-Synonymous,AGA,AGA,"[3, 27752, 2, 2, 17, 120, 10, 28, 0, 1, 4, 1, 1, 4, 1]",1635.0,0.91,0.00,12.00,-1.0,0.0,0.0269,-0.2183,-0.6296,-0.6700
12 (cooc:3),A28461G,AAG[A->G]CCT,2,D63G,N,Non-Synonymous,AAG,CCT,"[1, 28461, 4, 2, 4, 63, 8, 33, 0, 1, 1, 4, 3, 3, 2]",574.0,0.88,1.00,-58.00,-1.0,1.0,0.1127,0.3083,0.2775,0.0000
13,C16466T,AAC[C->T]ACC,2,P77L,nsp13,Non-Synonymous,AAC,ACC,"[3, 16466, 2, 2, 15, 77, 11, 13, 0, 1, 1, 3, 1, 3, 3]",764.0,0.60,0.00,15.00,-3.0,-3.0,-0.3548,0.1663,-0.6781,-0.8400
14,T26767C,CTA[T->C]CGC,2,I82T,M,Non-Synonymous,CTA,CGC,"[2, 26767, 3, 2, 10, 82, 17, 24, 0, 3, 2, 1, 3, 4, 3]",890.0,-0.91,0.00,-12.00,-1.0,0.0,-0.1690,0.2678,0.0113,0.1100
15,G15451A,GGC[G->A]GTT,1,G671S,nsp12,Non-Synonymous,GGC,GTT,"[4, 15451, 1, 1, 8, 671, 16, 12, 0, 4, 4, 3, 4, 2, 2]",1669.0,-0.42,0.00,30.00,0.0,1.0,-0.0687,-0.1432,0.2453,-0.0500
16,C10029T,AAA[C->T]CTC,2,T492I,nsp4,Non-Synonymous,AAA,CTC,"[3, 10029, 2, 2, 17, 492, 10, 5, 0, 1, 1, 1, 3, 2, 3]",1201.0,0.91,0.00,12.00,-1.0,0.0,0.1690,0.0987,-0.0113,-0.1100
17,C19220T,CTG[C->T]TAA,2,A394V,nsp14,Non-Synonymous,CTG,TAA,"[3, 19220, 2, 2, 1, 394, 20, 14, 0, 3, 2, 4, 2, 1, 1]",947.0,0.29,0.00,28.00,0.0,0.0,-0.3627,0.0366,-0.3366,-0.1000
18,G28916T,GGC[G->T]GTG,1,G215C,N,Non-Synonymous,GGC,GTG,"[4, 28916, 2, 1, 8, 215, 5, 33, 0, 4, 4, 3, 4, 2, 4]",866.0,-0.12,0.00,46.00,-3.0,-3.0,-0.3983,-0.1432,0.2600,-0.3500
19,G4181T,AAG[G->T]CTG,1,A488S,nsp3,Non-Synonymous,AAG,CTG,"[4, 4181, 2, 1, 1, 488, 16, 4, 0, 1, 1, 4, 3, 2, 4]",912.0,-0.51,0.00,16.00,1.0,1.0,-0.1345,0.0366,0.0618,-0.3900
20,C27874T,AAA[C->T]TTG,2,T40I,ORF7b,Non-Synonymous,AAA,TTG,"[3, 27874, 2, 2, 17, 40, 10, 29, 0, 1, 1, 1, 2, 2, 4]",1907.0,0.91,0.00,12.00,-1.0,0.0,0.1104,-0.2258,0.0961,0.1300
21,C6402T,AAC[C->T]AGT,2,P1228L,nsp3,Non-Synonymous,AAC,AGT,"[3, 6402, 2, 2, 15, 1228, 11, 4, 0, 1, 1, 3, 1, 4, 2]",1885.0,0.60,0.00,15.00,-3.0,-3.0,-0.3548,0.1663,-0.6781,-0.8400
22,C7124T,ATA[C->T]CTT,1,P1469S,nsp3,Non-Synonymous,ATA,CTT,"[3, 7124, 2, 1, 15, 1469, 16, 4, 0, 1, 2, 1, 3, 2, 2]",1176.0,-0.19,0.00,-11.00,-1.0,1.0,-0.3111,0.2132,-0.0214,-0.0600
23,G9053T,CCA[G->T]TAC,1,V167L,nsp4,Non-Synonymous,CCA,TAC,"[4, 9053, 2, 1, 20, 167, 11, 5, 0, 3, 3, 1, 2, 1, 3]",751.0,-0.01,0.00,14.00,1.0,2.0,-0.2477,-0.2345,-0.0069,0.6900
24,C8986T,TGA[C->T]TTT,3,D144D,nsp4,Synonymous,TGA,TTT,"[3, 8986, 2, 3, 4, 144, 4, 5, 1, 2, 4, 1, 2, 2, 2]",1103.0,0.00,0.00,0.00,0.0,4.0,-0.1945,0.3083,-0.1418,0.3000
25,T6402C,AAC[T->C]AGT,2,L1228P,nsp3,Non-Synonymous,AAC,AGT,"[2, 6402, 3, 2, 11, 1228, 15, 4, 0, 1, 1, 3, 1, 4, 2]",2932.0,-0.60,0.00,-15.00,-3.0,-3.0,0.3548,-0.1885,0.6781,0.8400
26,A11332G,TGT[A->G]GTG,3,V120V,nsp6,Synonymous,TGT,GTG,"[1, 11332, 4, 3, 20, 120, 20, 7, 1, 2, 4, 2, 4, 2, 4]",809.0,0.00,0.00,0.00,0.0,4.0,0.7136,-0.2345,1.3871,-0.2000
27,A11201G,GCC[A->G]CTG,1,T77A,nsp6,Non-Synonymous,GCC,CTG,"[1, 11201, 4, 1, 17, 77, 1, 7, 0, 4, 3, 3, 3, 2, 4]",795.0,0.43,0.00,-30.00,0.0,1.0,0.2624,-0.2258,0.0766,0.5000
28,C6402T,AAC[C->T]AGT,2,P1228L,nsp3,Non-Synonymous,AAC,AGT,"[3, 6402, 2, 2, 15, 1228, 11, 4, 0, 1, 1, 3, 1, 4, 2]",1885.0,0.60,0.00,15.00,-3.0,-3.0,-0.3548,0.1663,-0.6781,-0.8400
29,T826C,CGA[T->C]AAC,3,D7D,nsp2,Synonymous,CGA,AAC,"[2, 826, 3, 3, 4, 7, 4, 3, 1, 3, 4, 1, 1, 1, 3]",306.0,0.00,0.00,0.00,0.0,4.0,0.1945,0.1138,0.1418,-0.3000
30,A27338T,CTG[A->T]GAA,2,E46V,ORF6,Non-Synonymous,CTG,GAA,"[1, 27338, 2, 2, 7, 46, 20, 26, 0, 3, 2, 4, 4, 1, 1]",83.0,1.16,1.00,-30.00,-2.0,-2.0,-0.1928,0.6719,0.6983,0.0600
31,C4321T,TGC[C->T]TTT,3,A534A,nsp3,Synonymous,TGC,TTT,"[3, 4321, 2, 3, 1, 534, 1, 4, 1, 2, 4, 3, 2, 2, 2]",1047.0,0.00,0.00,0.00,0.0,2.0,-0.5724,0.6090,-0.5354,1.0700
32,G10271A,AAT[G->A]TTC,1,V73I,nsp5,Non-Synonymous,AAT,TTC,"[4, 10271, 1, 1, 20, 73, 10, 6, 0, 1, 1, 2, 2, 2, 3]",136.0,0.19,0.00,14.00,3.0,4.0,0.2107,-0.3261,0.3561,-0.2700
33,G487T,TTC[G->T]GAT,3,S74S,nsp1,Synonymous,TTC,GAT,"[4, 487, 2, 3, 16, 74, 16, 2, 1, 2, 2, 3, 4, 1, 2]",249.0,0.00,0.00,0.00,0.0,2.0,-0.2097,0.1118,0.7991,1.1600
34,C7086T,CTA[C->T]TAA,2,T1456I,nsp3,Non-Synonymous,CTA,TAA,"[3, 7086, 2, 2, 17, 1456, 10, 4, 0, 3, 2, 1, 2, 1, 1]",1222.0,0.91,0.00,12.00,-1.0,0.0,0.1104,-0.2258,0.0961,0.1300
35 (cooc:3),G8705A,GAT[G->A]GTG,1,G51S,nsp4,Non-Synonymous,GAT,GTG,"[4, 8705, 1, 1, 8, 51, 16, 5, 0, 4, 1, 2, 4, 2, 4]",125.0,-0.42,0.00,30.00,0.0,1.0,-0.0687,-0.1432,0.2453,-0.0500
35 (cooc:3),G11335A,GGT[G->A]TTA,3,V121V,nsp6,Synonymous,GGT,TTA,"[4, 11335, 1, 3, 20, 121, 20, 7, 1, 4, 4, 2, 2, 2, 1]",114.0,0.00,0.00,0.00,0.0,4.0,-0.7136,0.4791,-1.3871,0.2000
35 (cooc:3),C13095T,CTG[C->T]TAA,2,A24V,nsp10,Non-Synonymous,CTG,TAA,"[3, 13095, 2, 2, 1, 24, 20, 11, 0, 3, 2, 4, 2, 1, 1]",142.0,0.29,0.00,28.00,0.0,0.0,-0.3627,0.0366,-0.3366,-0.1000
