position,1,2,3,4,5,6,7,8,9,10,11,12,13,14,15,16,17,18,19,20,21,22,23,24,25,26,27,28,29,30,31,32,33,34,35,36,37,38,39,40,41,42,43,44,45,46,47,48,49,50,51,52,53,54,55,56,57,58,59,60,61,62,63
1,0,0,0,0,0,0,0,0,0,0,0,0,0,0,0,2,0,9,30,31,20,136,214,1889,1086,2134,1929,1306,1067,941,919,751,466,348,276,208,51,33,68,104,40,9,3,2,1,3,0,0,0,0,0,0,0,0,0,0,0,0,0,0,0,0,0
101,0,0,0,0,0,0,0,0,0,0,0,8900,0,0,0,0,14,7,20,71,69,77,3870,8718,5299,4004,4958,3237,3266,2817,2415,1578,1063,639,395,207,205,141,66,29,25,9,7,2,2,2,0,0,1,0,1,0,0,0,0,0,0,0,0,0,0,0,0
201,0,0,2256702,0,0,0,0,0,0,84867,0,0,0,0,2,19,202,22,76,132,255,4057,6589,6872,6162,6233,9001,5188,5285,3988,3407,3469,1977,1585,1154,1070,646,492,256,227,88,83,58,84,31,36,13,24,2,4,2,0,0,2,1,0,1,1,0,0,0,0,0
301,0,0,0,0,0,0,0,0,0,0,0,0,0,0,0,0,6,2,53,54,75,205,1074,2725,5264,4681,4708,3798,3699,3382,2307,1615,1154,812,765,380,342,938,93,33,34,18,16,4,6,3,3,2,0,1,0,0,1,0,0,0,0,0,0,0,0,0,0
401,0,0,0,0,0,0,0,0,0,0,0,0,0,0,0,0,2,8,13,16,27,1087,361,1664,2629,2569,2430,2029,1783,1873,1288,967,668,421,437,186,79,313,63,53,28,21,14,6,1,2,4,1,1,1,0,0,0,0,0,0,0,0,0,0,0,0,0
501,0,0,0,0,0,0,0,0,0,0,0,0,0,0,0,0,2,44,20,213,70,138,344,2058,3905,5735,5305,3999,3728,3708,2986,1525,1200,679,405,350,195,309,154,119,25,37,10,8,3,3,2,0,1,2,0,0,0,0,0,0,0,0,0,0,0,0,0
601,0,0,0,0,0,0,0,0,0,0,0,0,0,0,0,0,2,6,77,324146,118013,88812,29912,1805,3868,3941,6549,2951,2550,2829,2124,1891,1176,605,368,205,153,170,198,175,75,50,24,14,8,3,2,3,1,0,2,0,0,0,0,0,0,0,0,0,0,0,0
701,0,0,0,0,0,0,0,0,0,0,0,0,19723,0,0,1,4,6,27,152,91,69,2003,2248,2628,2793,2201,2707,2086,2265,1666,881,832,492,229,133,77,45,34,23,12,10,5,3,2,1,0,1,0,0,2,0,1,0,0,1,0,0,0,0,0,1,0
801,0,0,0,0,0,0,626393,626393,0,0,0,0,0,0,0,0,81,26,37,79,417,188,2130,3421,4745,6892,10570,7070,3667,3712,2486,1799,1227,772,369,633,160,232,316,142,32,19,12,13,1,7,3,1,1,0,0,0,0,0,0,1,0,0,0,0,0,0,0
901,0,0,0,0,0,0,0,0,0,0,0,0,626393,0,0,0,6,30,18,54,54,707,1244,1441,4017,4276,2698,3014,3111,2075,1761,1112,847,602,243,140,133,83,150,60,28,17,12,7,8,0,3,1,0,0,0,0,0,0,0,0,0,0,0,0,0,0,0
1001,0,0,0,0,0,0,0,8900,0,0,0,0,0,0,0,0,2,6,44,85,44,185,904,2018,4762,3434,1817,2014,1529,1609,1348,880,494,466,180,190,93,77,55,30,27,13,3,6,2,3,1,3,2,0,0,0,0,0,0,0,0,0,0,0,0,0,0
1101,0,0,0,0,0,0,0,0,0,0,0,0,0,1,0,1,2,16,19,30,1697,1358,339,2069,4863,5573,4069,14788,8610,2798,1756,1113,739,648,261,330,225,133,64,48,108,39,6,7,3,5,1,3,2,0,0,0,0,0,0,0,0,0,0,0,0,0,0
1201,0,0,0,0,0,0,0,0,0,0,0,0,0,0,0,120,0,3,26,29,58,236,1401,1743,5134,3484,3185,14076,7098,1766,1527,1226,769,474,301,157,166,95,50,38,41,23,9,8,6,4,0,0,1,1,0,0,0,0,0,1,0,0,0,0,0,1,0
1301,0,0,0,0,0,0,0,0,0,0,0,0,0,0,0,0,2,3,21,20,200,47,1352,2057,5345,4906,3051,6588,2544,2031,1917,1225,1333,803,399,410,160,92,161,81,25,25,12,19,1,1,0,0,0,0,1,0,0,0,0,0,1,0,0,0,0,0,0
1401,0,0,0,0,0,0,0,0,0,0,0,0,0,0,0,3,6,15,275,56,137,204,498,2545,4429,4438,3702,2941,3632,2667,2481,1615,739,537,318,177,93,102,102,50,40,8,26,9,7,1,0,1,2,1,0,0,0,0,0,0,0,0,0,0,0,0,1
1501,0,0,0,0,0,0,0,0,0,0,0,0,0,0,0,0,0,5,177,84,81,110,704,3307,3870,7673,3841,2971,2910,2598,1985,1428,935,688,655,259,497,282,104,71,15,17,30,4,2,2,0,0,0,0,0,0,0,0,0,0,0,0,0,0,0,0,0
1601,0,0,0,0,0,0,0,0,0,0,0,0,0,0,0,0,0,1,11,14,91,75,15686,2264,5366,3722,2752,2158,2057,1723,1239,884,1047,495,202,93,96,116,59,37,16,5,7,7,4,0,0,0,1,0,0,0,0,1,2,1,0,0,0,0,0,0,0
1701,0,0,0,0,0,0,0,0,0,0,0,0,0,0,0,0,16,0,4,59,110,39,343,916,2356,2476,2586,1439,1286,1514,1144,750,830,306,417,293,282,115,165,50,31,11,1,4,0,0,1,1,0,0,0,0,0,0,0,1,0,0,0,0,0,0,1
1801,0,0,0,0,0,0,0,0,0,0,0,0,0,0,0,1,2,6,25,28,30,78,2130,3978,4151,3122,2241,4474,2729,1786,1582,1173,620,570,353,325,171,81,82,41,55,30,16,3,1,4,2,1,0,0,1,1,0,0,0,0,0,0,0,0,0,0,1
1901,0,0,0,0,0,0,0,0,0,0,0,0,0,0,0,2,1,9,23,111,54,112,1468,2398,8269,4854,4813,3087,2689,2919,1854,1524,1164,600,378,327,182,97,112,57,35,8,7,5,7,0,1,1,0,0,0,0,0,0,0,0,0,0,0,0,0,0,0
2001,0,0,0,0,0,0,0,0,0,0,0,0,0,0,0,0,0,6,13,96,40,156,858,7820,3348,3125,3013,2601,2401,1924,1618,1136,589,558,579,153,117,72,35,32,31,15,8,6,2,3,2,0,1,1,1,0,0,1,1,0,0,0,0,0,0,0,0
2101,0,0,0,0,0,0,0,0,0,0,0,0,0,0,0,0,5,19,11,41,78,3652,100789,4519,3417,3606,2893,2781,2265,3097,1925,1240,826,624,391,465,90,53,155,78,56,68,7,15,10,4,2,0,0,0,2,0,1,0,0,1,0,0,0,0,0,0,0
2201,0,0,0,0,0,0,0,0,0,0,0,0,0,0,1,0,0,48,12,435,24,1426,673,7752,4527,2794,2027,2112,2060,2493,1679,761,739,305,183,270,474,192,52,26,9,20,5,4,2,1,0,0,0,0,0,0,1,0,0,0,0,0,0,0,0,0,0
2301,0,0,0,0,0,0,0,0,0,0,0,0,0,0,0,1,0,1,6,17,58,298,591,1287,2557,5107,2990,1815,1793,1981,1364,1049,462,513,129,382,329,69,27,22,92,14,3,6,0,0,0,1,0,0,0,0,0,0,0,0,0,0,0,0,0,0,0
2401,0,0,0,0,0,0,0,0,0,0,0,0,0,0,0,0,3,27,8,684,126,54287,602744,3509,11317,6935,4286,3310,4026,3738,2871,1906,1024,950,396,627,217,221,109,60,61,25,11,8,6,7,3,0,2,2,0,0,0,0,0,0,0,0,0,0,0,0,0
2501,0,0,0,0,0,0,0,0,0,0,0,0,0,0,0,0,3,0,15,21,52,58,1087,3215,2523,4804,2277,1886,1476,1744,1196,911,620,396,200,1655,407,66,81,25,13,10,9,4,10,0,1,0,0,1,0,0,0,0,0,0,0,1,0,0,0,0,0
2601,0,0,0,0,0,8900,8900,0,0,0,0,0,0,0,0,6832,3,9,21,51,37,143,794,998,3947,3127,3036,1873,1869,1464,1102,826,536,324,302,130,71,79,51,29,27,306,7,1,2,0,1,0,0,0,0,0,0,0,0,0,0,0,0,0,0,0,0
2701,0,0,0,0,0,0,0,0,0,0,0,0,0,19717,0,2,2,6,9,115,277,220,749,2393,150523,121891,90469,149005,31851,1658,30860,1093,777,426,482,192,124,210,131,30,43,16,9,7,8,4,1,0,0,0,0,1,0,0,0,0,0,0,0,0,0,0,0
2801,0,0,0,0,0,0,0,0,0,0,0,0,0,0,0,0,11,235,810367,87995,58661,92,2627,4816,6063,4132,4457,2322,1804,1436,1092,938,494,429,335,119,258,60,27,41,30,15,7,8,1,6,3,7,1,0,0,0,0,0,1,0,0,1,0,0,0,0,0
2901,0,0,0,0,0,0,0,0,0,0,0,0,0,0,0,2,98,20,16,24,189,80,9731,6012,12101,3144,3947,3696,2977,2873,3019,1740,722,443,346,1158,217,152,60,330,66,32,8,10,5,0,0,2,0,2,1,1,0,0,0,0,0,0,0,0,0,0,0
3001,0,0,0,2256702,0,0,0,0,0,0,0,0,0,0,0,3,3,2,11,30,116,108,963,1972,4454,14768,3489,3252,2645,2038,1532,1132,640,1098,288,318,190,82,115,111,77,52,47,30,19,12,7,10,11,15,6,1,2,5,0,4,3,2,0,0,1,1,0
3101,0,0,0,0,0,0,0,0,0,0,0,0,0,0,0,0,8,4,12,321,51,19674,1137,4111,3571,2561,2766,2710,2038,1916,1309,981,922,463,249,146,145,80,77,48,19,7,7,3,0,1,1,0,0,0,0,0,0,0,1,0,0,0,0,0,0,0,0
3201,0,0,0,0,0,0,0,0,0,0,0,0,0,0,0,0,2,8,626404,80,54,289,2645,2277,2712,4773,2429,2676,2299,1932,1752,1063,792,537,263,154,295,132,76,60,44,11,4,8,2,3,1,3,2,1,0,0,0,0,1,0,0,0,0,0,0,0,0
3301,0,0,0,0,0,0,0,0,0,0,0,0,0,0,0,0,1,4,88,51,61,53,481,1717,1894,2972,2310,1743,1437,1577,1072,913,424,293,151,136,110,85,32,47,22,12,3,3,2,2,0,0,1,0,2,0,0,0,0,0,0,0,0,0,0,0,0
3401,0,0,0,0,0,0,0,0,0,0,0,0,0,0,0,3,0,8,1,110,27,63,1212,1716,2818,2606,2245,2642,2965,1917,1716,912,931,703,211,123,135,416,258,51,17,25,10,5,4,2,3,2,1,1,1,1,0,0,0,0,0,0,0,0,0,0,0
3501,0,0,0,0,0,0,0,0,0,0,0,0,0,0,0,1,1,7,16,7,14,56,250,1779,2283,3135,2004,2252,1582,1398,1753,684,392,405,137,187,105,46,53,69,5,9,1,3,2,2,1,0,1,0,0,0,0,0,0,0,0,0,0,0,0,0,0
3601,0,0,0,0,0,0,0,0,0,0,0,0,0,0,0,0,0,2,24,71,62,7763,949,1794,2866,2948,3239,3651,2475,2746,1673,1044,801,420,416,184,114,74,69,39,84,37,9,1,1,3,0,0,0,0,0,0,0,0,0,0,0,0,0,0,0,0,0
3701,0,0,0,0,0,0,0,0,0,0,0,0,0,0,0,4,3,2,87,32,43,157,831,4002,3824,4557,4041,2227,2218,2293,2098,1514,1117,393,312,159,178,309,158,81,92,28,12,27,12,4,3,1,0,0,0,0,0,0,0,0,0,0,0,0,0,0,0
3801,0,0,0,0,0,0,0,0,0,0,19724,0,1,0,0,8,2,40,86,242,84,112,1538,3174,4080,4298,3771,3669,2384,2168,1527,904,805,405,238,449,134,78,57,37,11,8,6,7,0,1,0,0,1,0,0,0,0,0,0,0,0,0,0,0,0,0,0
3901,0,0,0,0,0,0,0,0,0,0,0,0,0,0,0,1,1,46,246,20,243,1230,4510,2834,12299,3874,2865,2142,1662,1671,1262,800,527,631,171,167,313,52,126,84,25,16,17,14,6,15,9,1,0,2,0,1,0,0,0,0,1,0,0,0,1,0,0
4001,0,0,0,0,0,0,0,0,0,0,0,0,0,0,0,2,1,1,51,12,63,143,1048,1791,3907,4262,2007,2132,2090,1692,1318,689,740,385,260,144,129,112,56,57,60,19,16,5,8,0,1,2,0,0,0,1,0,0,0,1,0,0,0,0,0,0,1
4101,0,0,0,0,0,0,0,0,0,0,0,0,0,0,1,0,9,175,530081,88709,76,216,8174,2467,4293,5939,3390,2126,1404,1241,1358,779,445,541,264,161,160,126,150,52,53,31,32,25,14,18,10,8,23,8,6,4,2,0,3,3,1,0,0,4,1,0,1
4201,0,0,0,0,0,0,0,0,0,0,0,0,0,0,0,1,1,295,87,71,73,17312,955,2652,3627,4790,4452,4153,3125,2390,2546,1149,731,508,323,329,233,48,70,194,88,4,6,5,0,3,0,2,0,0,1,0,0,0,0,0,0,0,0,0,0,0,0
4301,0,0,0,0,0,0,0,0,0,0,0,0,0,0,0,0,1,0,4,412316,88322,29481,29631,1073,2880,2630,2045,1494,1820,1706,904,709,492,285,180,135,106,96,52,66,47,29,7,26,7,4,1,1,1,2,0,0,0,0,0,0,0,0,0,0,0,0,0
4401,0,0,0,0,0,0,0,0,0,0,0,0,0,0,0,1,1,3,60,22,46,167,428,1247,3924,2412,4207,2284,1677,1493,869,513,1214,275,277,176,50,203,32,99,22,18,24,3,8,1,1,0,1,0,0,0,0,0,0,0,0,0,1,0,0,0,0
4501,0,0,0,0,0,0,0,0,0,0,0,0,0,0,0,0,6,27,28,57,82,416,3901,3098,5617,4401,3721,5178,2375,2291,1656,1159,858,634,229,180,367,115,79,25,32,68,24,7,2,6,3,0,1,0,0,0,0,1,0,0,0,0,0,1,0,0,0
4601,0,0,0,0,0,0,0,0,0,0,0,0,0,0,0,0,191,5,1,10,72,56,296,1409,1425,2043,1921,1147,1053,1237,615,545,323,217,162,86,54,27,58,14,14,6,13,8,0,0,1,1,0,0,0,0,0,0,0,0,0,0,0,0,1,0,0
4701,0,0,0,0,0,0,0,0,0,0,0,0,0,0,1,0,2,6,4,35,32,76,520,3499,6391,3729,2596,3117,2294,2140,1586,827,1004,459,175,129,111,134,63,33,11,6,7,3,3,1,0,1,0,0,0,0,0,0,1,0,0,0,0,0,0,0,0
4801,0,0,0,0,0,0,0,0,0,0,0,0,0,0,0,0,3,68,2,16,45,142,1156,1892,3841,6197,18137,4232,5275,2382,1554,1810,523,595,258,136,220,106,45,35,9,16,5,3,3,2,2,0,0,0,0,1,0,0,0,0,0,0,0,0,0,0,1
4901,0,0,0,0,0,0,0,0,0,0,0,0,0,0,0,0,2,0,70,82,90,199,1377,4007,3283,2828,3436,2217,2454,1704,1394,1771,417,966,224,204,79,49,66,41,48,24,29,4,3,5,1,1,0,0,0,1,0,0,0,0,0,0,0,0,0,0,0
5001,0,0,0,0,0,0,0,0,0,0,0,0,0,0,0,0,515,776,39,109,95,387,853,3129,4062,4252,2755,2129,2042,1606,1535,1052,1004,476,332,164,173,84,106,54,37,19,2,3,3,14,6,0,0,1,0,0,0,0,0,0,0,0,0,0,0,0,0
5101,0,0,0,0,0,0,0,0,0,0,0,0,0,0,0,2,3,45,17350,7170,81,198,413,2166,5061,4320,5513,2277,2263,2695,1375,991,551,560,359,167,115,89,118,68,23,18,25,11,8,2,3,0,0,0,1,0,0,0,0,0,0,0,0,0,0,0,0
5201,0,0,0,0,0,0,0,0,8900,0,0,0,0,0,2,0,193,6,43,224,81,2185,2083,1335,2961,3235,4100,1708,1824,1459,1251,785,604,337,336,117,146,72,23,86,21,22,13,7,0,2,1,3,0,0,0,0,0,0,0,0,0,0,0,0,0,0,0
5301,0,0,0,0,0,0,0,0,0,0,0,0,0,0,0,2,0,21,10,1273476,133990,58720,117577,2569,2272,2912,2534,1803,2174,1300,1144,777,931,448,218,133,240,79,80,32,21,15,15,14,1,8,3,5,1,0,0,0,0,0,0,0,0,0,0,0,0,0,0
5401,0,0,0,0,0,0,0,0,0,0,0,0,0,0,0,0,2,3,21,12,56,56,618,976,1871,1506,1776,1402,2126,1176,887,997,378,252,138,202,268,97,47,23,12,2,1,1,2,1,0,0,0,0,0,0,0,0,0,0,0,0,0,0,0,0,0
5501,0,0,0,0,0,0,0,0,0,0,0,0,0,0,0,0,1,67,61,17263,7149,961,32660,17347,20720,4490,3435,3251,2288,1866,1414,1422,974,616,266,210,420,189,187,90,115,22,8,5,5,0,2,1,1,1,0,0,0,0,0,1,0,0,1,0,0,0,0
5601,0,0,0,0,0,0,0,0,0,0,19724,0,0,0,0,3,5,21,7,10,42,67,462,1320,1949,2342,2635,2617,2026,1651,2291,957,613,296,218,142,86,39,38,19,9,11,6,4,1,0,0,0,0,0,0,1,0,0,0,0,0,0,1,0,0,0,0
5701,0,0,0,0,0,0,0,0,0,0,0,0,0,0,0,0,72,1,1,199,32,85,604,1065,2141,1841,1909,1314,1479,1362,1056,606,717,252,122,111,129,45,24,24,8,10,2,3,1,3,0,0,1,1,2,0,0,0,0,0,0,0,0,1,0,0,0
5801,0,0,0,0,0,0,0,0,0,0,0,0,0,0,0,0,4,8,54,39,477,256,725,2937,5621,5646,3171,3917,2830,2599,2112,1478,759,918,461,226,272,118,67,41,25,11,10,5,3,5,2,0,0,0,2,0,0,0,0,0,0,0,0,0,0,0,0
5901,0,0,0,0,0,0,0,0,0,0,0,0,0,626393,0,1,2,13,21,18,36,140,241,2456,45152,3257,1946,3508,2190,2271,2545,1425,1225,628,389,213,144,715,86,64,45,48,17,4,5,15,2,1,0,2,1,1,0,0,0,0,0,0,0,0,0,0,0
6001,0,0,0,0,0,0,0,0,0,0,0,0,0,0,0,1,1,13,21,37,22,49,378,2044,2919,2780,2940,3627,4086,1698,1471,1036,620,380,6081,2584,316,153,55,46,32,29,21,10,5,7,4,2,0,0,2,1,0,0,1,0,0,1,0,0,0,0,0
6101,0,0,0,0,0,0,0,0,0,0,0,0,0,0,0,2,1,2,102,40,35,46,359,2523,3137,3973,4070,5112,3891,2509,1142,1102,507,284,159,72,67,44,20,25,9,7,4,1,4,3,2,0,0,0,0,0,0,0,0,0,0,0,0,0,0,0,0
6201,0,0,0,0,0,0,0,0,0,0,0,0,0,0,0,2,0,2,5,15,20,54,2970,1230,2046,2689,2013,1888,1500,2086,1215,577,490,440,198,95,82,29,41,18,11,45,3,10,11,1,1,0,1,0,0,0,0,0,1,0,0,0,0,0,0,0,0
6301,0,0,0,0,0,0,0,0,0,0,0,0,19723,0,0,2,3,16,121,161,77,1010,579,3483,6557,5736,4911,5295,3956,2597,2270,1440,836,668,348,206,347,82,117,29,28,16,3,2,6,4,3,1,0,0,0,0,0,0,0,1,0,0,0,0,0,0,0
6401,0,0,0,0,0,0,0,0,0,0,0,0,0,0,0,0,53,44,58,396,1148,59577,1855,3639,4711,62363,3837,2408,59656,2496,2250,1482,1012,735,575,214,356,97,113,90,92,48,28,13,7,7,2,18,19,3,2,2,0,0,1,2,0,0,2,1,1,0,0
6501,0,0,0,0,0,0,0,0,0,0,0,0,0,0,35,9,6,5,27,39,531,146,5265,3764,5303,4595,3641,2854,3097,2261,1694,1198,992,574,3536,1304,122,192,104,55,47,21,13,7,3,3,2,1,1,0,0,0,0,0,0,0,0,0,0,0,0,0,0
6601,0,0,0,0,0,0,0,0,19724,0,0,0,0,0,3,1,17,160,24,1942,125,2421,3489,2179,5497,4381,2725,3416,2604,5174,2086,1900,1188,553,277,165,113,71,88,50,8,14,13,14,4,2,3,2,0,0,0,0,1,0,0,0,0,0,0,0,0,0,0
6701,0,0,0,0,0,0,0,0,0,0,0,0,0,0,0,0,6,45,63,26,1622,63,2516,1431,3734,4882,2495,6041,4513,2272,1636,1169,593,427,180,103,124,51,52,36,18,13,14,6,4,2,2,0,2,1,0,2,0,0,0,0,0,0,0,0,0,0,0
6801,0,0,0,0,0,0,0,0,0,0,0,0,0,0,0,83,0,6,19,24,60,138,762,929,2853,2816,3070,2142,2206,1454,943,1034,750,356,260,180,261,160,60,30,17,6,4,1,0,0,2,0,0,0,0,0,0,0,0,0,0,0,0,0,0,0,0
6901,0,0,0,0,0,0,0,0,0,0,0,0,0,0,626393,44,8,15,14,164,41,854,5163,1157,3060,3008,2184,2037,1648,1772,1241,855,665,329,217,158,91,77,68,37,327,12,4,2,1,1,0,0,2,0,0,0,0,0,0,1,0,0,0,0,0,0,0
7001,0,0,0,0,0,0,0,0,0,0,0,0,0,0,0,0,1,7,2,25,22,2267,878,2091,51030,2578,2672,2147,2081,1897,1534,1008,869,606,237,220,91,61,44,27,38,4,6,0,2,2,0,1,2,0,1,0,0,0,1,0,0,0,0,0,0,0,0
7101,0,0,0,0,0,0,0,0,0,0,0,0,0,0,0,4,0,193,32,33,67,54,59266,1025,1960,2614,1874,1901,2023,1761,1417,1107,617,828,1146,215,505,160,246,139,136,50,27,11,14,7,2,5,0,2,3,0,0,0,0,0,0,0,2,1,0,1,0
7201,0,0,0,0,0,0,0,0,0,0,0,0,0,0,0,2,1,4,66,609,60,104,3712,7337,9123,2712,1616,1596,2978,1845,1130,530,406,246,177,236,102,58,38,13,7,7,22,9,2,0,0,0,0,0,0,0,0,0,0,0,0,0,0,0,0,0,0
7301,0,0,0,0,0,0,0,0,0,0,0,0,0,0,0,2,2,7,14,22,38,60,933,867,1281,1551,1393,1559,1604,2227,1248,853,597,573,368,158,67,150,126,98,58,23,7,7,5,1,0,0,0,0,0,0,0,0,0,0,0,0,0,0,0,0,0
7401,0,0,0,0,0,0,0,0,0,0,0,0,0,0,0,0,0,0,5,6,17,320,128,746,1520,1332,1655,1437,1600,1348,1338,482,370,263,109,147,74,20,17,8,49,7,2,3,1,2,0,0,0,0,0,0,0,0,0,0,0,0,0,0,0,0,0
7501,0,0,0,0,0,0,0,0,0,0,0,0,0,0,0,0,3,3,2,54,46,48,823,1340,1843,2332,1908,1657,1318,959,1388,390,304,171,184,75,158,58,27,19,13,11,8,15,7,1,0,0,0,0,0,0,0,0,0,0,0,0,1,0,0,0,0
7601,0,0,0,0,0,0,0,0,0,0,0,0,0,0,0,0,2,3,61,6,39,36,44,508,977,763,624,809,708,467,579,314,264,271,90,56,77,46,33,22,17,4,1,2,2,1,1,0,0,0,0,0,0,0,0,0,0,0,1,0,0,0,0
7701,0,0,0,0,0,0,0,0,0,0,0,0,0,1,0,0,3,34,45,41,95,737,325,3161,6092,5186,4284,4374,3786,2680,1704,1356,960,481,416,183,121,107,116,109,59,26,10,2,5,2,3,1,0,0,1,0,0,0,0,0,0,0,0,0,0,0,0
7801,0,0,0,0,0,0,0,0,0,0,0,0,0,0,0,0,0,4,219,20,53,145,714,1449,3180,4324,4141,2299,2552,1479,1333,1132,495,366,247,255,105,51,43,30,16,10,9,2,7,4,3,0,0,0,0,0,0,0,0,0,0,0,0,0,0,0,0
7901,0,0,0,0,0,0,0,0,0,0,0,0,0,0,0,0,2,3,10,30,161,52,887,1153,1821,23131,2822,1562,2016,1215,4606,833,2951,411,228,159,120,113,121,85,20,21,11,5,1,3,1,2,0,0,1,0,0,0,0,0,0,0,0,1,0,0,0
8001,0,0,0,0,0,0,0,0,0,0,0,0,0,0,0,0,195,357,72,28,52,80,2475,2087,3037,3582,2385,3485,2285,1977,1529,661,627,359,183,177,86,121,77,45,25,10,6,2,2,1,0,0,0,0,0,0,0,0,0,0,0,0,0,0,0,0,0
8101,0,0,0,0,0,0,0,0,0,0,0,0,0,0,0,2,4,5,11,125,38,179,343,2514,3516,3595,2447,1745,1576,1890,2467,980,597,884,495,146,239,154,46,20,17,12,6,3,2,0,0,0,0,0,0,0,0,0,1,0,0,0,0,0,0,0,0
8201,0,0,0,0,0,0,0,0,0,0,0,0,0,0,0,0,2,3,13,169,83,249,925,1711,1727,2686,2012,2389,1330,1550,812,641,428,707,416,94,49,59,30,37,12,7,7,6,2,5,3,0,0,1,0,0,0,0,0,0,0,0,0,0,0,0,0
8301,0,0,0,0,0,0,0,0,0,0,0,0,0,0,0,927643,29309,8,49,117,79,37,708,1750,15692,3992,3128,2703,5450,3273,1525,1856,1911,531,257,132,97,120,46,56,30,21,9,8,22,12,8,4,1,2,0,1,2,0,0,0,0,0,0,0,0,0,0
8401,0,0,0,0,0,0,0,0,0,0,0,0,0,0,0,0,2,14,1,8,6,18,209,420,938,1204,890,1811,645,622,459,557,262,169,69,37,75,14,24,6,3,3,1,17,0,1,0,0,0,0,0,0,0,0,0,0,0,0,0,0,0,0,0
8501,0,0,0,0,0,0,0,0,0,0,0,0,0,0,0,0,1,1,7,44,6,21,3848,757,853,1640,1450,4080,654,679,667,284,217,298,157,143,93,30,98,62,6,6,5,0,0,0,0,0,0,0,0,0,0,0,0,0,0,0,0,0,0,0,0
8601,0,0,0,0,0,0,0,0,0,0,0,0,0,0,0,1,6,370,34,92,949,87,4426,29614,3258,3472,3072,2470,2227,1888,1190,2490,646,463,407,446,162,89,165,115,21,26,21,11,6,2,0,2,0,0,0,0,1,0,0,0,0,0,0,0,0,0,0
8701,0,0,0,0,0,0,0,0,0,0,0,0,0,0,0,2,2,9,34,16,25,43,684,845,1945,3812,2113,1895,2501,1505,1119,1379,483,409,209,190,57,38,66,31,9,6,5,0,0,1,5,0,0,0,0,0,0,0,0,0,0,0,0,0,0,0,0
8801,0,0,0,0,0,0,0,0,0,0,0,0,0,0,0,25,27,2,19,620,27,234,1612,1917,2387,2902,1997,2151,1835,2167,1052,762,695,371,269,122,135,66,79,33,14,11,7,4,1,3,0,1,0,0,0,0,0,0,0,0,0,0,0,0,0,0,0
8901,0,0,0,0,0,0,0,0,0,0,0,0,0,0,0,0,358,13,14,72,55,226,9915,1155,61442,3882,2023,2037,3140,1340,1955,1231,974,503,326,143,136,97,152,248,100,20,20,13,11,9,1,6,3,0,0,0,0,0,0,0,0,0,0,3,2,1,0
9001,0,0,0,0,0,0,0,0,0,0,0,0,0,0,1,0,0,5,4,898,60,197,315,59803,3689,2849,1405,1548,980,1914,1419,1014,374,258,116,106,93,126,71,156,35,20,8,10,13,4,2,6,8,0,0,0,0,0,1,0,0,0,0,1,0,2,0
9101,0,0,0,0,0,0,0,0,0,0,0,0,0,1,0,0,81,4,45,200,250,97,194,1809,1870,3663,1794,1481,1352,1001,1186,628,431,527,203,276,76,162,88,79,24,12,9,15,3,3,0,1,0,0,0,1,0,0,0,0,0,0,0,0,0,0,0
9201,0,0,0,0,0,0,0,0,0,0,0,0,0,0,0,12,4,5,470,26,57,81,3093,1117,2651,2419,2243,1991,1816,1196,1695,9964,3171,397,192,98,142,242,68,74,52,24,36,18,10,1,2,1,2,1,0,0,0,0,0,1,0,0,0,0,1,0,0
9301,0,0,0,0,0,0,0,0,0,0,0,0,0,0,0,0,11,617,40,17,123,1395,147469,118609,90071,148974,30761,1223,30378,904,658,482,606,265,140,278,303,139,49,24,31,26,12,21,15,8,3,0,0,0,0,0,0,0,0,0,0,0,0,0,0,0,0
9401,0,0,0,0,0,0,0,0,0,0,0,0,0,0,0,0,0,5,10,37,54,41,549,149550,121764,93261,152667,31859,1889,30886,1128,855,937,637,233,157,147,93,131,181,101,31,8,23,15,12,10,1,3,0,0,0,0,0,0,0,0,0,1,0,0,0,0
9501,0,0,0,0,0,0,0,0,0,0,0,0,0,0,0,1,2,9,5,353453,88366,117736,586,2199,2701,2850,4346,5024,3551,2895,2865,1193,1274,519,471,200,117,110,64,40,45,28,17,11,7,17,1,2,0,0,0,0,0,0,0,1,0,0,0,0,0,0,0
9601,0,0,0,0,0,0,0,0,0,0,0,0,0,0,0,0,2,7,25,45,96,52,212,904,3580,3767,1293,2008,1160,815,7490,3298,453,257,152,77,85,54,88,42,27,15,5,3,4,2,0,2,0,0,0,0,0,0,0,0,0,0,0,0,0,0,0
9701,0,0,0,0,0,0,0,0,0,0,0,0,0,0,0,2,4,1,5,16,42,2419,300,1283,1695,1473,1315,1154,1448,979,780,550,1614,189,152,53,33,13,26,21,4,14,4,2,0,2,1,0,1,0,0,0,0,0,0,0,0,0,0,0,0,0,1
9801,0,0,0,0,0,0,0,0,0,0,0,0,0,0,0,1,24569,7,61,38,206435,176739,89421,64416,35016,18651,8789,3059,8711,4555,1415,1141,1309,384,374,271,103,205,93,29,33,30,18,12,15,6,8,0,2,0,0,1,0,0,0,0,0,0,0,0,0,1,0
9901,0,0,0,0,0,0,0,0,0,0,0,0,0,0,0,1,4,116,18,37,23,39,654,1952,3350,2236,3569,3977,3169,3877,2304,724,971,823,192,126,101,129,44,13,20,9,12,9,2,3,1,0,0,1,1,0,0,0,0,0,0,0,0,0,0,0,0
10001,0,0,0,0,0,0,0,0,1486994,29824,0,0,0,0,42,14,59856,50,196,454,43,57,400,2002,2091,1774,3524,1935,1615,1551,1018,601,555,310,189,164,93,83,74,63,86,55,30,43,52,5,1,8,4,10,9,0,1,6,3,0,1,0,0,1,1,0,1
10101,0,0,0,0,0,0,0,0,0,0,0,0,0,0,0,0,1,61,47,294587,176674,41181,30115,32075,3333,26603,2926,5821,3209,1961,1722,1409,953,641,504,293,173,126,76,72,44,17,14,5,43,2,1,3,0,1,0,0,1,0,0,0,0,0,0,0,0,0,0
10201,0,0,0,0,0,0,0,0,0,0,0,0,0,0,0,0,23,20,12,10,70,465,2739,1305,2484,2781,2127,3679,2385,2031,1237,842,589,351,239,110,67,46,38,22,34,12,10,5,0,1,0,2,0,0,0,0,0,0,0,0,0,0,0,0,0,0,0
10301,0,0,0,0,8900,0,0,0,0,0,0,0,0,1,0,1,4,20,252,332,87,580,706,10320,5879,4772,8133,5168,3991,5584,2873,1808,1535,924,391,406,720,207,35,33,20,18,12,10,13,1,2,1,0,1,0,0,1,0,1,0,0,0,0,0,0,0,0
10401,0,0,0,0,0,0,0,0,0,1457701,58692,0,0,0,0,425,2,2,530063,29417,38,40,1366,3629,2894,1868,2459,1374,1678,1291,958,1020,503,210,283,163,70,44,49,71,39,43,28,20,22,16,10,2,0,0,0,0,0,0,0,0,1,0,0,0,0,0,0
10501,0,0,0,0,0,0,0,0,0,0,0,0,0,0,0,0,1,0,0,39,22,79,1446,954,2445,2761,2537,1807,2051,1697,780,693,633,246,195,106,49,30,48,36,13,8,2,1,3,0,2,1,1,0,0,0,0,0,0,0,0,0,0,0,0,0,0
10601,0,0,0,0,0,0,0,0,0,0,0,0,0,0,0,0,1,9,49,5,35,171,223,2974,3421,2409,3165,2289,1469,1169,915,787,576,313,279,269,127,114,142,112,69,22,3,2,1,1,1,9,3,1,17,5,6,2,3,1,0,0,0,0,0,0,0
10701,0,0,0,0,0,0,0,0,0,0,0,0,0,0,0,0,0,16,13,104,51,105,375,1805,3189,2835,2878,3058,4745,2663,1269,1100,602,359,357,152,82,192,40,78,21,7,15,4,2,1,1,0,0,1,0,0,2,0,1,0,0,0,0,0,0,0,0
10801,0,0,0,0,0,0,0,0,0,0,0,0,0,0,0,0,5,4,13,15,37,1395,307,2295,1708,2492,1466,2542,2091,1297,1242,752,739,286,478,112,92,97,39,41,12,4,3,19,1,3,1,0,1,1,0,0,0,0,0,0,0,1,0,0,0,0,0
10901,0,0,0,0,0,0,0,0,0,0,0,0,0,0,0,4,0,6,2,5271,18,58,2592,796,1614,2072,1399,930,1792,1374,924,1086,249,243,104,64,44,84,28,21,27,12,5,3,1,1,2,1,0,0,1,0,0,0,0,0,0,0,0,0,0,0,0
11001,0,0,0,0,0,0,0,0,0,0,0,0,0,0,0,0,0,6,4,23,34,32,203,4764,2121,2654,1633,1966,1443,1219,7779,3441,475,357,184,126,166,142,115,96,78,45,25,11,2,4,2,1,1,0,0,1,0,0,0,0,0,0,0,0,0,0,0
11101,0,0,0,0,0,0,0,0,0,0,0,0,0,0,0,2,0,35,47,193,34,67,1067,862,1824,2556,2625,1908,1464,1202,1096,619,570,557,199,93,86,900,78,125,57,11,3,2,3,3,1,1,0,1,0,0,0,1,0,0,0,0,1,0,0,0,0
11201,0,0,0,0,0,0,0,0,0,0,0,0,0,0,27,3,362,39,17,211,541,140,1038,995,3200,4041,6144,62807,3058,2488,2015,1655,1850,1132,674,323,180,153,306,315,134,53,32,30,17,7,6,10,2,1,2,2,1,0,0,0,0,0,1,0,1,0,0
11301,0,0,0,0,0,0,0,0,0,0,0,0,0,0,27,2,4,73,24,29,378,680,279,2215,1735,1751,60073,1635,1391,1822,1720,727,586,455,226,121,154,48,146,95,34,37,19,37,22,8,11,9,5,2,0,1,5,5,0,0,0,2,3,0,0,0,0
11401,0,0,0,0,0,0,0,0,0,0,0,0,0,0,2,0,17392,7168,98,57,38,390,1776,3296,13724,7019,2430,1327,1012,5883,3381,563,362,429,280,181,112,71,220,84,28,19,14,11,3,2,5,3,1,1,1,0,0,0,1,0,0,0,1,1,0,0,0
11501,0,0,0,0,0,0,0,0,0,0,0,0,0,0,0,898331,58612,17318,7157,52,196,4462,19615,14985,7646,3699,3495,4590,2993,3167,3693,2840,1570,1014,645,390,330,158,209,65,25,25,20,12,12,5,3,2,0,1,0,0,1,0,1,0,2,0,0,0,0,0,0
11601,0,0,0,0,0,0,0,0,0,0,0,0,0,0,0,0,193,6,2,17,126,41,364,874,3823,2596,1940,1636,1666,1510,1216,599,458,359,230,136,123,116,55,38,114,770,9,10,3,0,0,2,1,1,0,0,0,0,0,0,0,0,0,0,1,0,0
11701,0,0,0,0,0,0,0,0,0,0,0,0,0,0,2,0,22,43,31,141,76,4948,3487,5663,8063,7555,5836,4234,4262,2838,1562,1237,1128,436,251,188,97,89,75,59,22,13,7,8,1,0,0,1,0,2,1,0,0,0,0,0,0,0,0,0,0,0,0
11801,0,0,0,0,0,0,0,0,0,0,0,0,0,0,0,4,296,2,7,31,47,53,285,1436,1945,1838,1089,1727,1189,944,757,592,425,347,158,65,50,171,105,22,11,3,4,2,2,3,2,1,0,0,0,0,0,0,0,0,0,0,0,0,0,0,1
11901,0,0,0,0,0,0,0,0,0,0,0,0,0,0,0,2,3,16,3,16,32,57,641,1235,2346,2072,1696,1286,1571,1015,799,510,451,324,125,62,35,72,83,39,24,10,3,5,1,1,2,2,0,1,3,0,1,0,0,0,0,0,0,0,0,0,0
12001,0,0,0,0,0,0,0,0,0,0,0,0,0,0,0,1,0,3,10,63,226,1314,2911,10151,6161,3781,6759,5882,3700,2109,2053,1562,757,1203,357,546,348,71,65,37,29,23,9,17,8,9,4,1,0,0,0,0,0,0,0,1,0,0,0,0,0,0,0
12101,0,0,0,0,0,0,0,0,0,0,0,0,0,0,0,0,2,14,77,41,159,71,46913,1341,5506,6902,2505,2439,2072,2478,1641,650,593,465,220,73,69,69,49,22,12,8,2,3,2,5,2,2,2,0,1,0,0,0,0,0,0,0,0,0,0,0,0
12201,0,0,0,0,0,0,0,0,0,0,0,0,0,0,0,0,0,0,0,6,16,221,1861,758,1908,1123,800,736,503,511,381,263,307,166,120,67,37,15,69,14,11,3,1,1,1,0,0,0,0,0,0,0,0,0,0,0,0,0,0,0,0,0,0
12301,0,0,0,0,0,0,0,0,0,0,0,0,0,0,1,2,2,3,5,16,38,2141,229,4957,1480,1817,1373,2915,777,1452,660,318,306,201,77,62,57,29,27,15,784,2,6,4,1,0,0,0,0,1,0,0,0,0,0,0,0,0,0,0,0,0,0
12401,0,0,0,0,0,0,0,0,0,0,0,0,0,0,0,0,0,0,36,86,43,68,347,1489,3652,3045,1871,2060,3179,1272,1154,680,604,325,185,703,304,116,57,17,13,12,9,4,2,2,1,3,0,0,1,0,0,0,0,0,0,0,0,0,0,0,0
12501,0,0,0,0,0,0,0,0,0,0,0,0,0,0,0,0,2,2,83,68,52,51,220,946,10845,2797,1416,1232,2159,1473,1115,922,365,189,303,85,87,24,29,55,24,15,6,8,1,3,0,2,2,0,0,1,0,0,0,0,0,1,0,0,0,0,0
12601,0,0,0,0,0,0,0,0,0,0,0,0,0,0,0,0,17,0,14,2,6,46,430,586,1658,1910,1500,982,813,576,512,388,529,133,137,109,59,20,15,12,7,7,7,1,0,0,0,1,1,0,1,0,0,0,1,0,0,0,0,0,0,0,0
12701,0,0,0,0,0,0,0,0,0,19724,0,0,0,0,1,1,52,33,20,48,104,363,1964,9539,4498,3897,3745,3155,2603,2868,1671,1211,963,623,411,185,306,168,90,47,39,11,9,7,2,9,2,2,0,1,1,0,0,0,0,0,0,0,2,0,0,0,0
12801,0,0,0,0,0,0,0,0,0,0,0,0,0,0,0,0,2,3,530067,29422,127,289,696,3574,8418,2646,2578,1297,1262,3106,882,752,509,268,572,120,81,64,59,36,27,17,23,8,3,1,2,3,1,0,0,0,0,0,0,0,0,1,1,0,1,0,0
12901,0,0,0,0,0,0,0,0,0,0,0,0,0,0,0,0,2,4,10,27,117,21044,238,1704,1976,2326,1633,1297,1922,717,5309,2524,285,242,358,419,44,44,25,10,6,6,8,5,0,0,0,3,0,0,0,0,0,0,0,0,0,0,0,0,0,0,0
13001,0,0,0,0,0,0,0,0,0,0,0,0,0,0,0,1,0,7,58,72,17043,7264,2291,1094,1523,1839,13450,6304,1104,1574,949,632,820,186,205,184,220,68,96,42,18,10,9,1,8,1,1,0,0,0,0,0,0,0,0,0,0,0,0,0,0,0,0
13101,0,0,0,0,0,0,0,0,0,0,0,0,0,0,35,530058,29417,530062,927811,58658,57,316,286,1186,3338,2540,2398,1670,1438,3970,999,774,471,246,146,83,53,56,31,35,16,13,10,9,11,13,3,12,6,1,1,0,0,0,0,1,0,0,1,0,0,0,0
13201,0,0,0,0,0,0,0,0,0,0,0,0,0,0,0,0,0,1,19,43,12,55,515,870,1221,3348,1520,1199,1289,782,1375,411,397,235,86,85,77,126,68,42,9,6,11,0,2,1,0,3,0,0,0,0,0,1,0,0,0,0,0,0,0,0,0
13301,0,0,0,0,0,0,0,0,0,0,0,0,0,0,0,2,5,3,6,15,83,55,213,1604,2921,3921,2516,1758,1741,1737,1020,743,358,326,189,148,76,97,34,17,18,11,10,1,9,1,1,0,2,2,1,0,0,0,0,0,0,0,0,0,0,0,0
13401,0,0,0,0,0,0,0,0,0,0,0,0,0,0,0,3,0,10,9,70,67,62,459,1898,2991,3836,1881,3652,1272,1246,853,598,1085,369,181,89,66,56,33,15,23,5,9,2,0,2,0,0,0,0,0,0,0,0,0,0,0,0,0,0,0,0,0
13501,0,0,0,0,0,0,0,0,0,0,0,0,0,0,0,0,1,2,6,19,38,62,642,752,2070,3989,2367,1621,2095,1146,735,654,421,196,109,214,238,65,29,41,18,7,1,1,0,1,1,1,0,0,0,0,0,0,0,0,0,0,0,0,0,0,0
13601,0,0,0,0,0,0,0,0,0,0,0,0,0,0,0,0,8,3,587,36,42,73,404,1702,2613,2736,2578,3695,1993,2040,1806,800,544,276,155,101,83,51,46,68,19,17,3,3,1,1,1,0,0,0,0,0,0,0,0,0,0,0,0,0,0,0,0
13701,0,0,0,0,0,0,0,0,0,0,0,0,0,0,0,2,0,2,26,21,83,1797,3068,1402,3790,3543,3018,1795,3464,1056,3704,3560,893,244,147,115,42,66,52,19,6,7,5,4,0,0,2,0,0,4,0,1,0,0,0,0,0,0,0,0,0,0,0
13801,0,0,0,0,0,0,0,0,0,19724,0,0,0,0,1,1,6,3,40,13,213,262,1416,1378,2555,1420,1525,1712,1192,942,846,1136,378,304,191,79,86,29,28,17,19,71,5,1,2,0,0,1,0,0,0,0,0,0,0,0,0,0,0,0,0,0,0
13901,0,0,0,0,0,0,0,0,0,0,0,0,0,0,0,0,3,5,13,50,366,48,265,799,2181,2426,3602,2515,2316,2822,1401,1004,1009,293,312,157,634,67,273,96,12,18,11,4,4,0,2,1,0,0,0,0,0,0,0,0,0,0,0,0,0,0,0
14001,0,0,0,0,0,0,0,0,0,0,0,0,0,0,0,0,0,0,29,17,191,374,254,745,1017,891,878,1084,1538,957,606,540,311,181,239,137,82,179,137,24,28,6,11,7,6,2,1,0,0,1,2,1,0,0,0,0,0,0,0,1,0,0,0
14101,0,0,0,0,0,0,0,0,0,0,0,0,0,0,0,4,3,5,48,30,32,263,2750,98991,6716,3674,4523,2940,2760,1785,1367,978,755,1367,215,291,122,60,40,17,25,8,5,5,1,2,0,0,0,0,1,0,0,0,0,1,0,0,0,0,0,0,0
14201,0,0,0,0,0,0,0,0,0,0,0,0,0,0,0,1,0,10,10,60,29,187,539,1286,2734,3130,2021,1339,969,943,794,521,464,192,120,448,164,98,45,23,18,5,6,6,2,0,0,2,0,1,0,0,0,0,0,0,0,0,0,0,0,0,0
14301,0,0,0,0,0,0,0,0,0,0,0,0,0,0,0,0,1,9,7,30,19,43,234,579,1835,1964,1088,1398,1102,896,805,498,301,255,146,81,51,180,86,21,12,8,2,2,0,1,0,0,0,0,0,0,0,0,0,0,0,0,0,0,0,0,0
14401,2256702,0,0,0,0,0,0,0,0,0,0,0,0,0,0,0,0,2,961,25,206257,353886,212320,235912,60020,30325,749,30210,897,702,549,603,502,552,262,202,115,108,56,70,27,44,27,11,5,12,40,10,10,23,3,0,1,0,0,1,3,1,3,4,1,1,0
14501,0,0,0,0,0,0,0,0,0,0,0,0,0,0,0,0,0,6,15,33,17,351,209,1387,3637,2594,1876,1317,1043,1284,1137,494,513,941,110,66,105,75,183,96,8,7,1,0,1,2,1,0,1,0,0,0,0,0,0,0,0,0,0,0,0,0,0
14601,0,0,0,0,0,0,0,0,0,0,0,0,0,0,0,1,0,626397,22,22,47,194,270,1200,1402,1559,1453,1139,905,807,870,504,670,187,465,191,58,49,36,17,4,13,5,7,1,0,0,0,1,0,0,0,0,0,0,0,0,0,0,0,0,0,0
14701,0,0,0,0,0,0,0,0,0,0,0,0,0,0,0,1,3,0,20,27,29,49,313,1342,2153,2744,1725,1379,996,1147,1183,1055,366,1901,550,143,75,28,21,31,21,3,2,1,2,2,1,2,1,0,0,0,0,0,0,0,0,0,0,0,0,0,0
14801,0,0,0,0,0,0,0,0,0,0,0,0,0,0,0,1,5,4,27,4,162,73,317,4368,1677,1604,2734,2155,1507,1126,816,608,307,249,508,95,236,81,47,33,17,7,3,1,0,3,0,1,0,0,1,0,0,0,0,0,0,0,0,0,0,0,0
14901,0,0,0,0,0,0,0,0,0,0,0,0,0,0,2,371,13,2,9,73,15,104,664,24707,3948,2295,4354,1439,1804,1014,1153,684,335,507,186,99,55,25,76,12,4,7,5,1,0,2,6,4,1,2,1,0,0,0,0,0,0,0,0,0,0,0,0
15001,0,0,0,0,0,0,0,0,0,0,0,0,0,0,0,0,0,3,19,49,102,2276,54777,51225,1239,3235,2756,1942,1135,978,619,953,347,186,228,87,40,70,37,11,12,11,9,4,4,7,1,0,0,0,0,0,0,1,0,0,1,0,0,0,0,0,0
15101,0,0,0,0,0,0,0,0,0,0,0,0,0,0,0,0,0,2,6,6,9,18,191,650,856,1184,896,513,842,490,446,591,143,93,80,105,32,15,22,7,5,2,1,1,0,1,0,0,0,0,0,0,0,0,0,1,0,0,0,0,0,0,0
15201,0,0,0,0,0,0,0,0,1457701,685085,0,0,0,425,1,2,6,530074,29412,11,92,74,543,1808,2582,3759,2789,2137,1814,3869,1375,1290,832,354,218,367,82,74,87,100,134,64,24,4,14,2,1,1,2,0,1,0,1,1,0,0,0,1,1,0,0,0,0
15301,0,0,0,0,0,0,0,0,0,0,0,0,0,0,0,0,2,5,80,76,25,44,732,602,2165,2946,1699,1173,1090,1199,712,624,508,197,145,144,77,26,37,17,13,12,2,2,1,1,1,0,0,0,0,0,0,0,0,0,0,0,0,0,0,0,0
15401,0,0,0,0,0,0,0,0,0,0,0,0,0,1,41,84722,3,4,78,16,139,181,688,556,1071,1422,1268,779,7751,3400,669,996,345,402,252,92,51,64,73,48,61,26,13,14,18,9,9,9,5,9,7,1,0,2,1,0,0,1,1,1,1,0,0
15501,0,0,0,0,0,0,0,0,0,0,0,0,0,0,0,0,0,7,4,34,42,121,397,1017,1923,2087,1678,1483,1281,2398,869,652,380,282,204,89,55,53,45,19,11,5,8,17,3,2,1,1,1,1,1,0,0,0,0,0,0,0,0,0,0,0,0
15601,0,0,0,0,0,0,0,0,0,0,0,0,0,0,0,1,5,11,1,15,26,67,593,975,1350,1562,1255,2234,1057,1031,1675,481,255,708,170,142,58,218,119,20,9,4,5,4,3,1,0,0,0,1,0,0,0,0,0,1,0,0,0,0,0,0,0
15701,0,0,0,0,0,0,0,0,0,0,0,0,0,0,0,2,0,34,530110,29418,119,45,834,1557,3505,35180,3118,2721,2017,3145,1602,1013,596,789,526,423,221,47,43,77,48,21,8,6,8,3,3,2,0,0,0,0,0,0,0,0,1,0,0,0,0,0,0
15801,0,0,0,0,0,0,0,0,0,0,0,0,0,0,0,0,0,3,3,8,15,43,166,483,1250,1390,1121,1104,2096,1018,1099,438,356,238,138,45,373,214,19,12,13,12,1,2,0,0,0,2,0,0,0,0,1,0,0,1,0,0,0,0,0,0,0
15901,0,0,0,0,0,0,0,0,0,0,0,0,0,0,0,2,5,2,375,429,125,51,2622,2966,1791,3429,2430,3031,2159,2040,1474,1077,1291,515,223,487,69,51,43,54,42,5,291,7,3,1,4,0,2,1,0,0,0,0,0,0,0,0,0,0,0,0,0
16001,0,0,0,0,0,0,0,0,0,0,0,0,0,0,0,0,0,3,5,64,55,255,218,889,1911,1216,992,725,733,720,601,391,328,227,148,184,182,34,46,20,28,14,4,2,2,3,1,0,0,0,1,0,0,0,0,0,0,1,0,0,0,0,0
16101,0,0,0,0,0,0,0,0,0,0,0,0,0,0,0,0,626395,18,3,7,17,59,434,630,1439,1455,1227,1042,834,727,765,336,369,186,69,54,45,28,33,18,20,7,8,5,5,1,0,2,0,0,1,0,0,0,0,0,0,0,0,0,0,0,0
16201,0,0,0,0,0,0,0,0,0,0,0,0,0,0,0,0,0,2,1,10,21,185,746,2608,3573,1464,2376,1525,1536,1563,1074,569,621,222,142,248,179,56,36,23,13,6,3,2,4,0,0,1,0,0,0,0,0,0,0,0,1,0,0,0,0,0,0
16301,0,0,0,0,0,0,0,0,0,0,0,0,0,0,0,4,4,14,39,443,84,280,555,3472,2813,3861,2807,3320,2078,1800,1243,1309,935,420,387,275,88,138,66,118,10,9,4,4,2,0,0,2,0,3,2,0,0,0,0,0,0,0,0,0,0,0,0
16401,0,0,0,0,0,0,0,0,0,0,0,0,0,84789,0,26,4,9,58,24,66,55,10779,1536,1489,1662,2258,3085,8568,5132,1178,556,981,460,192,576,112,62,57,39,51,31,44,11,3,10,15,7,6,0,5,2,3,3,3,1,1,0,0,0,0,0,0
16501,0,0,0,0,0,0,0,0,0,0,0,0,0,0,0,2,0,29,6,23,24,24,1078,1443,2867,1902,1616,1712,1953,904,905,784,387,203,157,61,46,39,33,11,6,4,0,1,2,1,0,0,1,0,0,0,0,0,0,0,0,0,0,0,0,0,0
16601,0,0,0,0,0,0,0,0,0,0,0,0,0,0,0,0,0,1,2,3,19,34,2524,608,1952,1587,1138,990,935,764,644,481,241,175,136,93,49,148,73,17,16,15,7,1,1,0,0,0,0,0,0,0,0,0,0,0,0,0,0,0,0,0,0
16701,0,0,0,0,0,0,0,0,0,0,0,0,0,0,0,0,3,0,23,5,39,26,17432,777,2519,1818,1409,1792,2295,5280,820,1382,850,278,157,167,82,54,63,33,22,5,9,3,21,1,0,4,3,0,0,0,0,0,0,0,0,2,0,0,1,0,0
16801,0,0,0,0,0,0,0,0,0,0,0,0,0,0,0,2,0,2,12,25,37,37,963,1001,1205,1852,1042,1509,1000,760,468,254,190,207,112,250,114,47,28,10,3,2,4,2,1,1,0,0,0,0,0,0,0,0,0,0,0,0,0,0,0,0,0
16901,0,0,0,0,0,0,0,0,0,0,0,0,0,0,0,4,2,4,2,11,44,44,785,1055,2589,2285,1602,3037,1218,766,930,559,344,263,147,5777,2400,44,45,28,8,19,4,17,1,4,1,1,0,0,0,0,0,0,0,0,0,0,0,0,0,0,0
17001,0,0,0,0,0,0,0,0,0,0,0,0,0,0,0,0,2,8,58,9,34,214,423,1668,2442,2792,3699,2391,1598,1621,902,676,407,488,173,141,70,61,84,41,19,12,13,17,2,0,0,0,1,3,0,0,0,0,0,0,0,0,0,0,0,0,0
17101,0,0,0,0,0,0,0,0,0,0,0,0,0,0,0,0,0,2,10,892,52,227,544,1437,3396,3547,2075,2404,1629,1470,1204,581,466,395,156,102,68,37,61,32,85,35,4,0,1,7,0,5,3,0,0,0,0,0,0,0,1,1,0,0,0,0,1
17201,0,0,0,0,0,0,0,0,0,19724,0,0,0,0,0,1,1,4,10,18,25,196,631,1000,1504,2873,2260,1731,1734,1097,670,594,2748,264,105,474,63,48,43,20,29,37,15,9,4,10,3,0,2,6,12,3,0,5,8,2,0,0,0,1,0,0,0
17301,0,0,0,0,0,0,0,0,0,0,0,0,0,0,0,0,5,2,7,58,141,173,264,797,4467,3425,8848,1348,1268,1108,646,410,480,195,339,185,45,81,62,24,54,17,5,0,0,0,1,0,0,0,2,0,0,0,0,0,0,0,0,0,0,0,0
17401,0,0,0,0,0,0,0,0,0,0,0,0,0,0,0,1,2,6,8,353485,117744,88515,696,2338,2487,2277,2074,1860,1671,9442,3830,1308,485,258,127,136,55,52,40,32,34,13,10,8,7,3,6,4,2,0,0,0,0,0,0,0,0,0,1,0,0,0,0
17501,0,0,0,0,0,0,0,0,0,0,0,0,0,0,0,0,16,0,40,10,29,87,192,5886,2049,2736,2947,4839,1853,2272,1209,727,601,274,635,131,81,62,33,57,20,21,4,6,1,7,0,2,0,0,2,0,0,0,0,0,0,0,0,0,0,0,0
17601,0,0,0,0,0,0,0,0,0,0,0,0,0,0,0,0,3,1,3,174,57,142081,874,6387,3516,2490,4245,3034,2769,2770,1610,858,702,319,178,90,66,45,33,20,14,22,17,4,3,0,0,0,1,0,0,0,0,0,0,1,0,0,0,0,0,0,0
17701,0,0,0,0,0,0,0,0,0,0,0,0,0,0,0,0,8,16,12,27,41,2154,508,2755,3574,8304,2223,2132,2429,2320,1640,868,849,562,539,299,204,84,36,38,16,7,2,2,1,7,1,0,0,0,0,0,0,0,0,0,0,0,0,0,0,0,0
17801,0,0,0,0,0,0,0,0,0,0,0,0,0,0,0,0,0,3,20,5,26,25,489,2451,4157,2740,1439,1059,1185,854,1942,458,304,229,267,58,180,106,49,12,6,5,8,1,0,2,1,1,0,2,0,0,0,0,0,1,0,0,0,0,0,0,0
17901,0,0,0,0,0,0,0,0,0,0,0,0,0,0,0,212,799,7,233,29,51,45,320,1815,1963,2438,2360,2230,1016,1496,617,382,385,166,230,111,42,106,140,53,14,6,7,6,5,2,0,1,0,0,0,0,0,0,0,0,0,0,0,0,0,0,0
18001,0,0,0,0,0,0,0,0,0,0,0,0,0,0,0,0,0,28,22,19,91,31,395,2774,2219,8057,1733,1352,1152,1123,1702,859,381,448,112,96,115,140,58,18,18,8,22,2,11,1,0,1,0,0,0,0,0,0,0,0,0,0,1,0,0,0,0
18101,0,0,0,0,0,0,0,0,0,0,1457701,58692,0,0,0,0,624,6,16,31,48,89,514,3723,4454,4831,3674,2402,2225,2910,1829,1500,2831,1528,446,321,216,96,231,81,55,44,58,24,21,9,8,7,0,0,1,1,0,0,0,0,0,0,0,0,0,0,0
18201,0,0,0,0,0,0,0,0,0,0,0,0,0,0,0,1,0,3,9,19,41,39,199,744,2248,2279,2307,1040,1300,867,1104,619,403,550,208,96,127,167,116,22,12,4,3,2,1,0,0,0,0,0,0,0,0,0,0,0,0,0,0,0,0,0,0
18301,0,0,0,0,0,0,0,0,0,0,0,0,0,0,0,0,3,2,8,38,38,259,278,1403,2619,2940,2669,2851,2449,5113,1323,833,675,490,253,352,364,134,41,33,16,18,3,9,1,5,0,2,1,2,1,0,0,0,0,1,0,0,1,0,0,0,0
18401,0,0,0,0,0,0,0,0,0,0,0,0,0,0,0,0,2,51,28,61,124,322,855,2736,2063,3605,1728,2059,2016,1308,1046,1214,580,729,285,167,143,63,91,35,42,15,11,9,1,6,0,0,1,0,0,1,0,0,0,0,0,0,0,0,0,0,0
18501,0,0,0,0,0,0,0,0,0,0,0,0,0,0,0,0,1,6,244,53,82,252,566,9583,9639,10647,5100,3045,5417,3234,2039,1486,1131,737,645,376,249,205,119,96,50,23,7,15,12,4,1,1,2,0,1,0,0,1,0,0,0,0,0,0,0,0,0
18601,0,0,0,0,0,0,0,0,0,0,0,0,0,0,0,2,1,4,62,69,73,81,2540,2367,5429,2694,1938,2381,2254,2112,1283,835,729,569,418,304,109,73,43,78,31,25,1,7,2,0,1,0,1,0,1,0,0,0,0,1,0,0,0,0,0,0,0
18701,0,0,0,0,0,0,0,0,0,0,0,0,0,0,0,4,2,36,10,33,39,148,1448,2437,2572,2902,3356,2105,1968,1292,1034,810,482,273,186,111,153,43,35,104,23,4,6,2,1,3,1,1,1,1,0,0,0,0,0,0,0,0,0,0,0,0,0
18801,0,0,0,0,0,0,0,0,0,0,0,0,0,0,0,0,0,4,2,42,74,76,1246,7012,3251,2152,2419,2045,1451,1253,1045,835,466,516,205,89,74,33,115,77,13,5,6,9,28,0,7,27,0,3,1,0,0,0,0,0,1,0,0,0,0,0,0
18901,0,0,0,0,0,0,0,0,0,0,0,0,0,0,0,0,8,16,11,48,163,58,227,1069,2172,2086,1464,1339,1052,1141,702,441,482,209,118,80,50,38,40,42,31,8,4,1,1,1,0,0,0,0,0,0,0,0,0,0,0,0,0,0,0,0,0
19001,0,0,0,0,0,0,0,0,0,0,0,0,0,0,0,0,4,0,41,9,257,301,208,9040,2194,2423,2845,1520,1458,1208,797,598,521,326,266,197,50,110,71,28,17,6,6,1,2,0,2,0,1,0,0,0,0,0,0,1,0,0,0,0,0,0,1
19101,0,0,0,0,0,0,0,0,0,0,0,0,0,0,0,1,7,28,10,20,82,48,461,1146,4420,3592,2971,5465,2027,1755,1498,1556,820,475,177,169,85,196,118,34,26,17,7,3,6,1,0,0,0,0,0,0,0,0,0,0,0,0,0,0,1,0,0
19201,0,0,0,0,0,0,0,0,0,0,0,0,0,0,0,39,1,59642,22,32,38,158,561,2303,3084,2551,2256,1641,2001,1797,1366,1194,1206,1138,245,408,347,99,74,48,61,34,48,24,9,10,8,3,8,10,1,0,1,0,0,3,2,0,0,0,1,1,0
19301,0,0,0,0,0,0,0,0,0,0,0,0,0,0,0,1,3,15,7,44,23,66,283,846,32485,3055,1552,1438,1292,2593,919,693,967,261,217,68,83,44,32,17,11,4,2,2,1,0,0,3,0,2,0,0,0,0,0,0,0,0,0,0,0,0,0
19401,0,0,0,0,0,0,0,0,0,0,0,0,0,0,0,0,0,0,140,5,20,20,42,350,1256,1014,867,596,596,477,621,352,301,114,119,39,17,29,18,12,6,1,2,0,0,2,0,0,0,0,0,0,0,0,0,0,0,0,0,0,0,0,1
19501,0,0,0,0,0,0,0,0,0,0,0,0,0,0,0,80,768,3,83,29,38,128,344,4823,3231,9193,3938,2229,2615,1486,1968,1315,518,316,209,127,454,353,156,66,29,19,7,4,0,2,0,0,0,0,0,0,0,0,0,0,0,0,0,0,0,0,0
19601,0,0,0,0,0,0,0,0,0,0,0,0,0,0,0,0,1,9,6,30,274,33,290,678,2661,2511,1629,1685,1949,1288,1768,775,425,481,510,84,82,29,93,64,19,6,3,2,0,2,0,4,1,1,0,0,0,0,0,0,0,0,0,0,0,0,0
19701,0,0,0,0,0,0,0,0,0,0,0,0,0,0,0,0,0,2,13,38,38,41,175,715,1667,1250,921,657,486,637,399,333,347,209,90,64,57,116,43,12,25,7,5,3,3,1,0,0,0,0,0,0,0,0,0,0,0,0,0,0,0,0,0
19801,0,0,0,0,0,0,0,0,0,0,0,0,0,1,0,0,45,105,11,62,97,160,10906,1664,3777,3124,4570,2783,1834,2042,1187,903,740,403,199,109,86,157,25,33,32,12,9,8,0,7,7,1,0,0,0,0,0,0,0,0,0,0,2,0,0,0,0
19901,0,0,0,0,0,0,0,0,0,0,0,0,0,0,0,2,0,0,17,353665,147138,58917,1845,3406,2783,2489,2303,2461,1839,1851,1453,1900,770,247,257,173,261,161,42,22,19,29,9,13,4,3,1,0,3,0,0,0,0,0,0,0,0,0,0,0,0,0,0
20001,0,0,0,0,0,0,0,0,0,0,0,0,0,0,0,0,3,1,27,324031,176659,29471,29532,645,2237,2086,1990,1758,1455,1160,721,626,467,483,501,1063,358,77,32,37,25,8,11,4,8,3,6,1,5,0,0,0,0,0,0,0,0,0,0,0,0,0,0
20101,0,0,0,0,0,0,0,0,0,0,0,0,0,1,0,0,0,3,44,7,61,244,917,5105,4941,6061,2922,2034,2100,1666,1441,1435,747,710,271,213,105,63,53,18,14,7,2,20,14,2,0,1,1,0,0,0,0,0,0,0,0,0,0,0,0,0,0
20201,0,0,0,0,0,0,0,0,0,0,0,0,0,0,0,1,2,11,226,36,51,297,136,2352,8812,4205,1354,1713,927,1168,1085,5279,2404,354,487,125,52,51,54,49,28,6,7,19,9,8,1,0,1,0,1,0,0,0,0,0,0,0,0,0,0,0,0
20301,0,0,0,0,0,0,0,0,0,0,0,0,0,0,1,0,2,4,4,5,103,662,200,999,1800,2171,1546,1213,1294,866,750,677,9833,4086,179,143,48,34,46,26,17,13,7,10,13,1,3,0,0,0,0,0,0,0,0,0,0,0,0,0,0,0,0
20401,0,0,0,0,0,0,0,0,0,0,0,0,0,0,0,2,0,16,10,23,214,67,7333,5094,9235,3828,2564,3614,2531,1928,1346,1052,741,391,273,165,273,165,79,52,26,9,20,10,3,1,1,1,2,0,0,0,0,0,0,0,0,0,0,0,0,0,0
20501,0,0,0,0,0,0,0,0,0,0,0,0,0,0,0,0,31,6,6,8,15,21,1237,624,3647,1652,826,1522,1076,737,610,1202,240,227,145,162,53,27,145,8,15,6,6,3,1,1,0,0,1,0,1,0,0,0,0,0,0,0,0,0,0,0,0
20601,0,0,0,0,0,0,0,0,0,0,0,0,0,0,0,1,6,22,22,7,79,56,260,855,2092,1578,1214,1106,1442,994,808,1241,546,254,346,96,107,50,35,22,14,7,3,4,0,0,3,1,0,0,0,0,0,1,0,0,0,1,0,0,0,0,0
20701,0,0,0,0,0,0,0,0,0,0,0,0,0,0,0,0,0,1,41,18,38,47,1600,2567,2748,2672,1581,1250,1106,762,3537,746,464,258,194,94,55,79,38,50,7,16,16,7,0,5,0,0,0,0,0,0,0,0,0,0,0,0,0,0,0,0,0
20801,0,0,0,0,0,0,0,0,0,0,0,0,0,0,0,1,4,0,43,16,58,110,1196,822,1397,1294,1096,794,859,940,623,384,345,307,104,59,36,92,19,23,14,2,0,8,5,0,0,0,0,0,0,0,0,0,0,0,0,0,0,0,0,0,0
20901,0,0,0,0,0,0,0,0,0,0,0,0,0,0,0,1,2,1,44,11,27,37,425,900,1781,2074,1457,1334,1219,735,678,603,255,168,158,71,48,38,19,14,9,8,5,1,0,0,0,0,1,0,0,0,0,0,0,0,0,0,0,0,0,0,0
21001,0,0,0,0,0,0,0,0,0,0,0,0,0,0,0,2,1,3,7,24,29,237,569,1960,4379,3387,2104,2664,1493,2006,1213,585,428,271,201,90,77,58,34,14,14,15,2,5,2,3,1,1,0,0,0,0,0,0,0,0,0,0,0,0,0,0,0
21101,0,0,0,0,0,0,0,0,0,0,0,0,0,0,0,0,0,187,21,40,62,64,1172,5582,36729,3073,3511,2163,1821,1756,1189,754,694,709,190,228,159,49,40,24,27,23,3,5,2,1,1,0,0,1,0,0,0,0,0,0,0,0,0,0,0,0,0
21201,0,0,0,0,0,0,0,0,0,0,0,0,0,0,0,0,0,6,20,9,54,46,2074,11015,2930,3051,1788,1447,1721,1694,3654,615,424,450,369,166,114,49,200,82,10,3,6,2,1,2,1,1,0,1,0,0,0,0,0,0,0,0,0,0,0,0,0
21301,0,0,0,0,0,0,0,0,0,0,0,0,0,0,0,1,2,10,12,33,88,33,595,3228,4273,5231,2868,2949,2089,1914,1123,753,516,349,434,243,114,94,88,40,26,14,12,5,0,0,1,1,1,0,0,0,0,0,0,0,0,0,0,0,0,0,0
21401,0,0,0,0,0,0,0,0,0,0,0,0,0,0,0,2,19,8,26,9,11,23,90,428,631,702,659,731,509,779,370,257,391,149,99,54,30,574,241,9,6,3,0,0,1,1,0,1,0,0,0,0,0,0,0,0,0,0,0,0,0,0,0
21501,0,0,0,0,0,0,0,0,0,0,0,0,0,0,0,0,2,13,31,21,502,108,3227,280686,8435,5887,3766,5621,2751,2215,1627,1222,696,394,281,173,158,54,121,47,20,5,6,21,0,8,1,2,5,0,0,0,0,0,0,0,0,0,0,0,0,0,0
21601,0,0,0,0,0,0,0,0,84867,0,0,0,0,9,0,309,43171,19652,135,252,300,212741,119038,93609,123743,5053,4160,33257,3742,2388,1783,1555,1650,1040,697,428,234,358,183,116,132,95,49,31,39,20,20,16,8,0,2,0,2,5,4,4,2,2,0,0,0,1,0
21701,0,0,0,0,0,0,0,0,0,1457701,58692,0,0,0,429,4,5,11,133,412566,88418,74451,14448,14697,19093,16780,16842,13435,7953,9056,8532,3665,3290,9234,4711,619,441,385,206,1027,121,54,40,74,26,29,9,7,5,0,0,0,1,0,0,0,0,0,0,0,0,0,0
21801,0,0,0,0,0,8900,0,0,0,1457701,58692,0,0,0,464,37,32,18,31,441933,88354,31472,1164,9687,6245,5053,6728,4804,2703,3885,1913,2200,3534,4479,5053,5753,4299,3328,2059,1179,785,406,224,549,159,84,53,15,10,2,4,1,0,0,0,0,1,0,0,0,0,1,0
21901,0,0,0,0,0,0,0,0,19724,0,0,0,0,0,32,57,4,3,7,119,213,5227,7943,2475,7265,4909,3505,5894,2573,2703,2171,1818,953,610,595,272,87,71,31,26,12,11,7,19,12,1,5,2,0,4,1,0,0,0,0,0,0,0,0,0,0,0,0
22001,0,0,0,0,0,0,0,0,0,0,0,0,0,2,0,1,14,13,8,23,42,144,440,2363,5066,7914,4267,2859,2255,2369,1490,1287,774,930,621,505,345,131,101,119,42,37,22,4,14,21,1,36,0,4,1,13,5,1,2,0,0,0,0,0,0,0,0
22101,0,0,0,0,0,0,0,0,0,0,0,0,0,0,6,19647,3,4,32,37,87,206580,88787,148415,90182,2443,3563,32483,2716,2555,1944,1662,928,642,364,314,313,179,79,65,53,26,11,7,3,7,5,2,2,3,2,0,0,0,0,0,1,0,0,0,0,0,0
22201,0,0,0,0,0,0,0,0,0,0,0,0,0,0,8898,1,726,3,201,72,200,17311,8147,2821,4212,5120,14827,8442,2276,3083,1707,1400,932,1194,573,290,121,266,64,78,45,22,8,5,1,9,5,0,5,1,1,0,0,0,0,0,0,0,0,0,0,0,0
22301,0,0,0,0,0,0,0,0,0,0,0,0,0,0,0,0,2,2,10,29,28,72,400,2836,3557,2828,2655,2946,3333,2097,1831,1201,700,738,410,165,135,114,72,30,37,9,4,26,9,3,2,2,1,1,0,0,0,0,0,0,0,0,0,0,0,0,0
22401,0,0,0,0,0,0,0,0,0,0,0,0,0,0,0,1,1,5,9,102,47,595,5062,2391,2429,4264,2853,2304,2097,2069,1594,831,609,583,317,167,121,179,115,69,30,32,14,10,10,10,0,1,0,0,1,0,0,0,0,0,0,0,0,0,0,0,0
22501,0,0,0,0,0,0,0,0,1516393,0,425,0,0,0,0,0,7,3,12,5,32,647114,233,1685,3244,3151,4616,2464,2485,1629,1293,841,692,683,434,354,432,230,1066,97,52,28,27,35,56,9,9,7,2,0,1,0,0,0,0,0,0,1,0,0,0,0,0
22601,0,0,0,0,0,0,0,0,6036173,29399,1700,0,0,0,0,1,530059,29400,23,17,86,147557,120228,122448,124364,36162,5933,34826,3907,3315,3138,1952,1636,823,618,373,288,164,129,99,65,47,37,28,22,9,4,8,5,2,0,0,0,0,0,0,0,0,0,0,0,0,0
22701,0,0,0,0,0,0,0,0,0,0,0,0,0,0,0,0,530073,29400,11,383329,58941,117918,328,7563,2196,58137,49575,37640,62813,18974,5854,17807,3729,1794,1590,899,417,410,217,232,104,71,78,50,26,12,4,3,2,1,0,0,0,0,0,0,0,0,0,0,1,0,0
22801,0,0,0,0,0,0,0,0,19724,8900,0,0,1457701,1516393,78367,0,18,898361,78429,1069,92,165,1320,16376,11694,20042,28961,15920,7476,5424,5229,4289,2737,2067,1961,1088,862,646,264,282,144,57,42,23,17,14,12,8,3,2,0,0,0,0,0,0,0,0,0,0,0,0,0
22901,0,0,0,0,0,84867,0,0,3032786,0,0,0,85717,0,0,2,3,257,64,30,5341,268,1643,4362,4906,4789,2685,2777,2479,2456,2997,1453,1444,1230,1085,747,378,705,167,159,171,124,139,91,57,24,31,20,10,10,2,3,1,1,5,4,0,0,0,0,0,1,1
23001,0,0,0,0,0,8900,0,19724,8236982,0,0,628093,9325,8900,626393,4,898357,58651,647312,134100,706321,250026,59876,123410,9922,14286,9980,7803,7211,4556,4378,3679,2714,1498,1286,449,332,310,235,162,167,84,66,30,27,3,4,9,1,2,2,0,0,0,0,0,0,0,0,0,0,0,0
23101,0,0,0,0,0,0,0,0,0,0,0,0,0,0,0,4,194,4,6,21,25,166,786,1920,1991,2187,2489,2022,1542,1078,1224,627,517,561,240,88,59,52,106,54,18,47,6,2,0,0,0,1,0,2,0,0,0,0,0,0,0,0,0,0,0,0,0
23201,0,0,0,0,0,0,0,0,0,0,0,0,0,0,626393,0,2,898341,58612,16,84,306,342,2193,2427,2214,2938,2983,3385,2304,1432,967,602,654,299,174,180,76,176,72,45,21,7,11,10,1,8,5,6,4,3,0,1,0,0,1,0,0,0,0,0,0,0
23301,0,0,0,0,0,0,0,0,0,0,0,0,0,1,0,2,0,0,39,187,37,49,105,524,1202,5681,1351,3461,741,574,664,405,230,183,74,88,118,29,19,19,21,6,4,1,1,2,0,0,1,0,3,1,1,0,0,0,0,0,0,0,0,0,0
23401,0,2256702,0,0,0,0,0,0,0,0,0,0,0,0,0,1,1,6,60,65,69,77,603,3104,2961,5001,4827,2140,1579,1334,1274,742,598,355,242,121,66,53,68,40,28,15,12,4,5,12,5,6,4,2,3,1,5,5,1,0,1,1,1,0,1,0,1
23501,0,0,0,0,0,0,19724,1516818,1516393,0,0,0,0,425,0,0,4,22,58,335,255,631,3795,1772,4133,2968,3410,4123,2076,1884,1663,1201,903,536,334,196,138,74,102,57,41,89,23,8,12,11,3,13,4,0,0,0,0,0,0,0,0,0,0,0,0,0,0
23601,0,0,0,0,0,8900,1516818,0,0,0,84867,0,0,0,626394,2,2,11,136,1634,123,670,1953,5546,4054,5901,5070,3346,3582,2980,2304,2846,1296,1413,594,418,396,211,90,99,113,67,106,23,24,12,20,8,10,7,3,0,1,1,0,1,0,2,0,0,0,0,0
23701,0,0,0,0,0,0,0,0,0,0,0,0,0,0,626393,1,3,3,233,69,33,1396,910,958,2472,1765,5264,3941,3487,5132,1753,1412,1294,439,345,1108,101,284,117,29,12,8,14,9,3,3,5,0,0,1,0,0,0,0,0,1,0,0,0,0,0,0,0
23801,0,0,0,0,0,0,0,0,0,1457701,58692,0,0,0,0,426,3,0,113,21,61,799,386,1501,1853,2557,2590,2384,3011,2060,1658,1032,672,326,212,119,276,155,42,44,37,21,20,8,9,5,5,2,4,1,0,0,0,0,1,0,0,0,0,0,0,0,0
23901,0,0,0,0,0,0,0,0,0,1457701,58692,0,0,0,425,1,1,45,52,12,144,86,1188,2097,2254,1894,2123,1596,1385,1751,849,608,570,322,348,143,101,81,53,41,24,25,13,9,13,13,7,6,1,0,0,0,1,0,0,0,0,0,0,0,0,0,0
24001,0,0,0,0,0,0,0,0,0,0,0,0,0,0,0,0,18,0,39,60,51,157,559,4631,3445,3023,2998,2573,2145,1646,1194,1885,641,302,267,148,174,229,98,37,43,13,3,3,3,1,1,1,0,0,0,0,0,1,0,0,0,0,0,0,0,0,0
24101,0,0,0,0,0,0,0,0,0,1457701,58692,0,0,0,1457701,59117,91,6,810356,87947,58735,233,697,2155,2865,2220,1703,1670,1688,2898,1320,754,411,371,580,424,84,51,56,58,78,13,13,10,23,2,5,5,1,1,0,0,2,0,0,0,0,0,0,0,0,0,0
24201,0,0,0,0,0,0,0,0,0,0,0,0,0,0,0,0,12,15,10,12,264,201,147,1767,867,1797,1020,986,907,877,612,295,295,192,76,61,40,78,21,38,24,23,21,11,1,1,0,0,1,0,0,1,1,0,1,0,0,0,2,0,0,0,0
24301,0,0,0,0,0,0,0,0,0,0,0,0,0,0,0,3,4,2,13,153,270,334,1066,1363,5480,2698,3282,3384,2940,2783,3030,1129,827,955,515,167,99,59,54,23,6,21,7,3,4,1,5,1,0,1,0,0,1,0,0,0,0,0,1,0,0,0,0
24401,0,0,0,0,0,0,0,0,2974200,59011,425,0,0,0,0,0,233,0,21,93,17,32,1163,1105,1867,3580,1273,938,793,783,804,397,394,206,126,66,66,57,37,34,32,20,6,3,4,2,2,4,4,0,0,0,0,0,0,1,0,0,0,0,0,0,0
24501,0,0,0,0,0,0,0,0,0,0,0,0,0,0,0,626393,58,46,839702,87991,29323,46,155,909,747,943,765,808,899,682,849,640,421,297,113,65,57,30,33,15,4,11,9,2,6,10,5,4,3,0,0,0,0,0,0,0,0,0,0,0,0,0,0
24601,0,0,0,0,0,0,0,0,0,0,0,19724,0,0,0,2,7,41,29,39,31,69,143,390,1386,960,856,1395,887,892,469,532,231,209,235,186,1028,1105,22,31,16,3,9,17,4,2,2,0,0,0,1,0,0,0,0,0,0,0,0,0,0,0,1
24701,0,0,0,0,0,0,0,0,0,0,0,0,0,0,0,0,0,4,11,12,57,217,253,889,1863,2524,2035,1871,1508,1456,832,641,3046,1442,475,304,125,56,82,78,32,11,3,8,2,0,1,0,0,0,1,0,0,0,0,0,0,0,0,0,1,0,0
24801,0,0,0,0,0,0,0,0,0,0,0,0,0,0,0,0,1,2,37,14,37,105,426,705,2199,2409,1983,1505,1709,2894,1080,709,430,322,195,138,93,81,49,34,18,7,6,0,1,0,1,1,0,0,0,0,0,0,0,0,0,0,1,0,0,0,0
24901,0,0,0,0,0,0,0,0,0,1457701,58692,0,0,0,0,626818,18,9,7,37,46,83,1103,1426,3190,2770,2421,2780,5095,3316,1888,1202,746,918,457,340,149,80,56,49,67,34,27,6,1,5,8,4,2,2,2,0,0,0,0,0,0,0,0,0,0,0,0
25001,0,0,0,0,0,0,0,0,19724,0,0,0,0,0,1,31,13,39,58,91,194,242,2498,3619,2994,4671,3136,2376,2860,2444,3738,1052,974,452,264,242,373,274,94,45,28,29,7,46,2,2,2,1,0,0,0,0,0,0,0,0,0,0,0,0,0,0,0
25101,0,0,0,0,0,0,0,0,0,0,0,0,0,0,35,1,7,28,17,24,19,82,457,33762,1929,1757,2603,2234,1860,2792,1394,740,695,483,195,196,126,55,97,25,25,15,4,6,0,2,2,2,0,0,0,0,0,0,0,0,0,0,0,0,0,0,0
25201,0,0,0,0,0,0,0,0,0,0,0,0,0,0,0,1,33,6,22,44,87,126,3348,2403,2343,2846,5058,3012,5099,2981,1789,1313,808,765,306,313,127,118,44,56,51,12,8,5,11,3,4,1,0,2,0,0,0,0,0,0,1,0,0,0,0,0,0
25301,0,0,0,0,0,0,0,0,0,0,0,0,0,0,0,0,2,12,24,42,93,148,592,1352,3017,3291,3165,2552,2612,2798,1287,948,745,461,357,168,450,263,169,38,47,19,9,5,3,3,4,0,3,5,1,0,0,0,0,0,0,0,0,0,0,0,0
25401,0,0,0,0,0,0,0,0,0,0,0,84867,0,0,0,56,11,16,294,110,375,4852,31687,4007,8531,27044,17448,15004,19573,7241,4229,6033,1557,1363,1276,612,598,224,273,204,141,75,78,21,19,44,11,4,9,4,5,3,3,9,5,2,1,1,3,2,1,2,0
25501,0,0,0,0,0,0,0,0,1466601,58692,0,0,0,425,0,10,24,132,63,1102,276,1471,5474,7302,9503,9200,6886,8646,6723,6200,5603,3726,2073,1240,624,517,359,235,168,113,75,48,23,21,15,50,5,21,21,3,5,0,0,1,0,0,0,1,0,0,0,0,0
25601,0,0,0,0,0,0,0,0,0,0,0,0,0,0,0,1,19,16,132,431,189,2345,8718,6536,11363,8846,9468,6157,7696,3938,3311,2671,1939,2303,1093,838,460,722,210,154,64,44,31,16,10,6,5,0,0,2,0,0,0,0,0,0,0,1,0,0,0,1,0
25701,0,0,0,0,0,0,0,0,0,0,0,0,0,0,0,6,39,1161,80,145,195,508,1737,21376,5551,6762,7567,4091,3400,3185,3334,1518,1533,1140,436,398,419,296,223,92,54,25,21,39,11,4,3,1,0,0,1,0,0,0,0,1,1,0,0,0,1,0,0
25801,0,0,0,0,0,0,0,0,0,0,0,0,0,0,0,0,0,24,236,48,143,9159,908,4934,3570,4916,3497,3404,2476,2428,1138,879,747,531,830,276,131,111,79,58,45,22,6,10,8,4,2,3,2,1,0,1,0,0,0,0,0,0,0,0,0,0,0
25901,0,0,0,0,0,8900,0,0,0,0,0,0,0,0,2,0,22,36,54,112,78,4805,1686,2830,5977,4325,4334,2852,2542,1792,1616,1038,795,724,408,163,132,72,61,45,27,21,10,12,1,2,2,1,1,0,0,0,0,0,0,0,0,0,1,0,1,0,0
26001,0,0,0,0,0,0,0,0,0,0,0,0,0,0,0,2,0,1,66,81,206522,147454,123557,67210,7692,33539,4741,3645,3093,3014,2679,2367,1110,598,524,454,769,382,99,75,32,16,8,11,11,4,2,3,0,0,0,0,0,0,0,1,0,0,0,0,0,0,0
26101,0,0,0,0,0,0,0,0,19724,0,0,0,0,0,0,5,8,8,922,296,82,115,317,1932,2831,4387,12580,3875,2607,2569,1461,959,813,565,773,214,199,114,87,44,22,14,16,11,13,3,2,4,2,2,1,0,0,0,1,0,2,2,1,0,0,1,0
26201,0,0,0,0,0,0,0,0,0,0,1457701,58692,0,0,0,0,422,15,7,19,210,35,1145,1623,2559,2997,2192,2370,1542,1490,1362,829,811,561,278,188,242,156,65,62,31,19,10,2,7,5,9,11,6,0,1,0,1,0,1,0,0,0,0,0,0,0,0
26301,0,0,0,0,0,0,0,0,0,0,0,0,0,0,0,0,0,0,3,20,18,28,120,717,781,1216,1451,719,909,662,575,412,352,177,224,219,94,54,39,19,10,7,5,1,3,1,2,0,0,0,0,0,0,0,0,0,0,0,0,0,0,0,0
26401,0,0,0,0,0,0,0,0,8900,0,0,0,0,0,2,1,1,10,25,68,49,315,387,1517,2418,3133,1948,2985,2077,1854,1126,1159,629,542,603,346,119,104,99,27,18,14,7,1,4,7,0,0,0,1,0,0,0,0,0,0,0,1,0,0,0,0,0
26501,0,0,0,0,0,0,0,0,0,0,1457701,58692,0,1457701,58694,898332,59062,1428394,88008,64,304,6287,2059,46073,8941,10056,8233,7673,6475,5638,3895,2390,1378,1429,993,725,338,227,210,182,92,53,28,18,31,8,6,5,2,1,1,0,0,0,0,0,1,0,0,0,0,0,0
26601,0,0,0,0,0,0,0,0,0,0,0,0,0,0,0,1,4,1182,18,36,147,86,897,1474,4850,6476,5724,2997,2977,2761,1493,1501,800,808,347,180,149,71,39,48,26,8,11,14,4,15,3,2,1,3,1,0,0,0,0,2,1,0,0,0,0,0,0
26701,0,0,0,0,0,0,0,0,0,0,0,1457701,58692,71,84732,40,7,420,46,26,54,94,6202,2071,6414,6037,3112,3703,4644,2907,2487,1302,1188,628,341,321,146,191,121,124,60,49,26,16,15,15,16,8,1,1,6,10,4,0,0,0,0,0,0,0,1,0,0
26801,0,0,0,0,0,0,0,0,0,0,0,0,0,0,0,0,0,78,52,168,235790,118415,119107,62482,35011,4725,4193,3592,3287,3298,2413,1711,1153,1365,583,236,1676,396,81,62,93,48,20,24,20,5,2,7,0,0,0,0,0,1,0,0,0,0,0,0,0,0,1
26901,0,0,0,0,0,0,0,0,0,0,0,0,0,0,0,2,0,126,9,93,63,113,520,4256,2700,2656,2183,2293,1638,1798,2080,1125,679,297,250,98,71,72,368,18,14,29,8,2,2,2,0,0,0,0,1,0,0,0,0,0,0,0,0,0,0,0,1
27001,0,0,0,0,0,0,0,0,0,0,0,0,0,0,0,0,0,124,10,11,42,60,1150,2966,3254,2404,2481,1721,1836,1724,1306,992,526,293,191,124,335,352,119,31,14,8,6,1,0,2,3,0,2,0,0,0,0,0,0,1,0,0,0,0,0,0,0
27101,0,0,0,0,0,0,0,0,0,0,0,0,0,0,0,1,947,10,12,25,31,53,118,1174,1428,2890,1835,2215,1873,1346,764,852,374,371,206,118,933,462,70,39,10,5,5,14,13,2,2,2,1,1,0,4,0,0,0,0,0,0,0,1,0,0,0
27201,0,0,0,0,0,0,0,0,0,1457701,58692,0,0,0,0,426,0,8,6,33,121,86,487,6800,5867,5423,4569,3749,3900,2381,1893,1474,827,569,374,349,459,504,186,95,79,53,42,43,26,31,20,9,6,13,5,9,3,1,1,0,0,0,0,1,0,0,1
27301,0,0,0,0,0,0,0,0,0,0,0,0,0,0,0,0,2,8,33,169,412531,442069,414440,273207,77933,68636,39131,7052,4324,7132,4095,2773,2141,1270,625,539,323,188,190,159,57,51,22,18,28,5,8,2,2,0,2,0,0,0,0,0,0,0,0,0,0,0,0
27401,0,0,0,0,0,0,0,0,0,0,0,0,0,0,0,2,8,4,16,55,101,131,1483,5193,4257,12160,3550,4772,3452,3043,2420,1537,1248,738,589,184,257,259,114,126,56,11,20,10,3,6,0,2,1,0,1,1,0,0,0,0,0,0,0,0,0,0,0
27501,0,0,0,0,0,0,0,0,0,0,0,0,0,0,0,1,3,13,344,106,114,1194,4531,9031,14257,6650,5654,5107,4721,5605,5234,1978,1498,865,592,584,310,322,263,196,105,55,52,29,3,16,8,3,4,1,1,1,0,0,0,0,4,2,0,2,0,0,1
27601,0,0,0,0,0,0,84867,0,0,0,0,0,0,0,0,2,108,51,46,73,252,336,1669,6065,8695,10907,10952,8609,4792,6474,6843,2350,1662,1146,1160,376,415,251,169,136,100,50,39,32,9,2,9,13,2,0,3,6,9,2,0,0,0,0,0,0,1,1,0
27701,0,0,0,0,0,0,0,0,0,0,0,0,84867,0,0,10,34,9,52,48,128,95,1087,7711,3796,5838,4147,3285,2992,2882,3321,6215,3174,851,485,733,226,260,179,184,80,56,29,30,13,8,21,10,3,5,12,19,2,0,3,0,0,0,1,1,1,0,0
27801,0,0,0,0,0,0,0,0,0,1457701,58692,0,0,0,30,426,15,456,31,47,59550,1126,1626,3412,6556,6218,5251,3705,3295,3538,3786,2170,1236,755,478,335,222,231,214,196,109,85,40,30,19,7,13,14,9,3,1,2,6,7,3,1,2,1,2,1,0,0,0
27901,0,0,0,0,0,0,0,0,0,0,0,0,1,0,0,5,16,626403,43,106,67,90,667,2557,4975,5386,6068,3950,4390,4230,2291,1638,1351,857,525,259,384,174,126,98,35,23,13,5,4,3,13,2,1,0,1,1,0,1,0,0,0,0,1,0,0,1,0
28001,0,0,0,0,0,0,0,0,0,0,0,0,1,0,0,3,38,22,43,254,626658,227149,8656,4023,8717,7563,32478,10352,9524,8082,6125,5011,2887,1775,1001,675,385,207,515,232,44,52,30,20,38,7,6,5,1,4,2,0,0,0,0,0,1,1,0,0,0,0,1
28101,0,0,0,0,0,0,0,0,0,0,646117,0,1,0,0,4,16,22,61,24,122,338,737,1830,2474,3221,4529,2334,1667,1647,1419,1414,783,908,271,382,129,176,130,123,30,12,13,16,2,2,2,0,0,1,0,0,0,0,0,0,0,0,0,0,1,0,0
28201,0,0,0,0,0,0,0,3395572,425,0,0,0,0,0,0,763,22,201,357,577,511,668,1933,22893,26705,16431,6588,5445,6080,5081,4586,3174,1370,1044,846,1021,376,429,277,310,203,121,67,25,11,16,3,2,2,2,1,1,0,0,2,0,0,0,0,0,0,0,0
28301,0,0,0,0,0,0,0,1516393,425,0,0,0,0,0,0,1,11,951,64,184,122,476,3716,4496,7589,10430,9189,5426,5003,3660,2778,2198,1407,916,459,375,212,141,132,156,79,62,722,13,15,16,3,10,1,2,1,0,0,0,0,2,1,0,1,0,0,0,0
28401,0,0,0,0,0,0,0,0,0,0,0,0,84867,0,0,2,7,21,19,27,80,139,1689,1557,5281,3850,4428,3670,3594,3545,2124,1543,1370,911,512,407,250,204,158,199,108,77,89,34,44,25,20,10,9,3,6,10,3,3,1,0,1,3,2,2,1,2,0
28501,0,0,0,0,0,0,0,0,19724,0,0,0,0,0,0,0,22,6,8,22,26,94,261,978,2141,2803,1314,1415,1105,1322,1056,612,471,367,195,182,84,57,71,16,12,2,7,2,1,2,2,1,0,0,1,0,0,0,0,0,0,0,0,0,0,0,0
28601,0,0,0,0,0,0,0,0,0,0,0,0,0,0,1,3,16,9,92,289,86,111,1400,3508,6985,7091,5336,5245,6308,3933,2682,2317,1264,825,603,717,415,126,102,143,118,29,10,6,2,1,0,1,1,0,1,0,0,0,0,0,0,0,0,0,0,0,0
28701,0,0,0,0,0,0,0,0,0,0,0,0,0,0,0,0,8,53,12,78,240,1928,1974,3410,8077,4675,4301,4120,2959,3991,2306,1563,1103,608,384,367,841,123,116,63,32,12,13,7,2,3,0,1,0,0,0,0,1,1,0,0,0,0,0,0,0,0,0
28801,0,0,0,0,2162935,4325870,0,84867,39448,0,8900,0,0,2,0,14,38,114,40,1007,543,18312,59775,18995,8759,17652,6823,9648,11535,5662,7996,3792,3109,1596,966,834,441,211,167,134,86,124,105,47,47,22,28,7,11,2,1,1,0,0,2,1,0,1,0,0,0,0,0
28901,0,0,0,0,0,0,0,0,0,0,626393,0,0,0,45,5,54,11,59614,262,341,448,604,4506,8247,4385,3927,4298,2918,4020,2652,1442,1210,813,1344,358,217,180,181,295,143,47,42,39,19,12,10,5,6,2,2,1,0,0,0,0,1,0,0,0,0,0,0
29001,0,0,0,0,0,0,0,0,0,0,0,0,0,0,0,3,3,53,12,53,23,116,717,3311,3085,3683,5756,3006,2065,3668,1527,1007,654,748,259,347,113,340,136,90,16,16,12,7,6,7,5,2,5,2,3,1,0,0,0,1,0,0,0,0,0,0,1
29101,0,0,0,0,0,0,0,0,0,0,0,0,0,0,0,0,11,26,58,227,321,409,595,4164,3360,5028,3619,3315,2345,2632,2104,1216,1185,858,325,312,191,140,105,98,36,28,11,22,11,0,1,0,1,1,0,0,0,0,0,1,0,0,0,0,0,0,0
29201,0,0,0,0,0,0,0,0,0,0,0,0,0,0,0,1,19,12,61,38,95,330,1201,4594,7360,9177,5694,3989,3384,3028,2000,4308,1491,722,875,648,217,93,233,72,38,9,12,6,0,3,1,0,0,0,0,0,0,0,0,0,0,1,0,0,0,0,0
29301,0,0,0,0,0,0,0,0,0,0,0,0,0,0,0,3,10,83,439,116,93,179,1287,3048,5849,5390,5415,3733,4181,2982,2164,1520,1085,770,450,303,930,324,125,95,50,22,20,20,8,2,4,0,0,1,0,0,0,0,0,1,1,0,0,0,0,0,0
29401,0,0,0,0,0,0,0,0,0,0,84867,0,0,0,11,7,38,17,31,1173,115,722,1181,2162,4921,4958,7309,4449,2839,2375,2641,2515,709,3245,1626,286,301,380,231,86,58,72,51,24,25,11,7,11,7,0,7,16,10,0,2,4,3,0,2,0,0,1,0
29501,0,0,0,0,0,0,0,0,0,0,0,0,0,0,0,2,6,9,79,294661,147419,118084,2859,3656,5620,7117,10416,5813,5417,4412,3640,5756,1531,852,588,785,235,195,214,133,127,64,18,26,16,1,2,3,1,1,2,0,0,0,1,0,1,0,0,0,0,0,0
29601,0,0,0,0,0,0,0,0,0,0,0,0,0,0,1,3,8,11,30,43,171,1026,57533,33447,56099,7799,7402,8049,5632,4771,3326,3552,1691,959,589,778,396,213,108,125,88,49,31,11,6,5,1,4,3,0,1,1,1,1,1,0,0,0,0,0,0,0,0
29701,0,0,0,0,84867,0,0,0,0,0,0,0,0,0,0,6,26,52,229,904,573,1484,5232,6796,28087,14918,18998,14385,12490,9594,8835,6418,4081,3539,2492,1828,1377,988,1375,739,363,238,133,91,42,31,46,17,5,4,1,1,2,1,1,1,0,0,0,0,0,1,0
29801,0,0,0,0,0,0,0,0,0,0,0,0,0,0,0,0,0,0,0,0,9,2,475,65,54,127,61,51,172,36,32,46,93,18,16,17,1,9,3,1,2,0,0,0,0,0,0,0,0,0,0,0,0,0,0,0,0,0,0,0,0,0,0
29901,0,0,0,0,0,0,0,0,0,0,0,0,0,0,0,0,0,0,0,0,0,0,0,0,0,0,0,0,0,0,0,0,0,0,0,0,0,0,0,0,0,0,0,0,0,0,0,0,0,0,0,0,0,0,0,0,0,0,0,0,0,0,0
