Type,aa,fraction,per thousand,Count,RSCU
TTT,F,0.46,17.6,714298,0.92826854
TTC,F,0.54,20.3,824692,1.07173146
TTA,L,0.08,7.7,311881,0.459405874
TTG,L,0.13,12.9,525688,0.774347122
TCT,S,0.19,15.2,618711,1.125515041
TCC,S,0.22,17.7,718892,1.30775719
TCA,S,0.15,12.2,496448,0.903102888
TCG,S,0.05,4.4,179419,0.326386282
TAT,Y,0.44,12.2,495699,0.886676219
TAC,Y,0.56,15.3,622407,1.113323781
TAA,*,0.3,1,40285,0.064396427
TAG,*,0.24,0.8,32109,0.051326918
TGT,C,0.46,10.6,430311,0.912314661
TGC,C,0.54,12.6,513028,1.087685339
TGA,*,0.47,1.6,63237,0.101085686
TGG,W,1,13.2,535595,1
CTT,L,0.13,13.2,536515,0.790295472
CTC,L,0.2,19.6,796638,1.173460955
CTA,L,0.07,7.2,290751,0.428281034
CTG,L,0.4,39.6,1611801,2.374209542
CCT,P,0.29,17.5,713233,1.146925319
CCC,P,0.32,19.8,804620,1.293881593
CCA,P,0.28,16.9,688038,1.106410111
CCG,P,0.11,6.9,281570,0.452782978
CAT,H,0.42,10.9,441711,0.837030426
CAC,H,0.58,15.1,613713,1.162969574
CAA,Q,0.27,12.3,501911,0.530033518
CAG,Q,0.73,34.2,1391973,1.469966482
CGT,R,0.08,4.5,184609,0.480645168
CGC,R,0.18,10.4,423516,1.102659779
CGA,R,0.11,6.2,250760,0.6528749
CGG,R,0.2,11.4,464485,1.20932604
ATT,I,0.36,16,650473,1.083216579
ATC,I,0.47,20.8,846466,1.409598869
ATA,I,0.17,7.5,304565,0.507184552
ATG,M,1,22,896005,1
ACT,T,0.25,13.1,533609,0.987075376
ACC,T,0.36,18.9,768147,1.420926163
ACA,T,0.28,15.1,614523,1.136750919
ACG,T,0.11,6.1,246105,0.455247542
AAT,N,0.47,17,689701,0.940733981
AAC,N,0.53,19.1,776603,1.059266019
AAA,K,0.43,24.4,993621,0.868098702
AAG,K,0.57,31.9,1295568,1.131901298
AGT,S,0.15,12.1,493429,0.897610938
AGC,S,0.24,19.5,791383,1.439627661
AGA,R,0.21,12.2,494682,1.287946488
AGG,R,0.21,12,486463,1.266547625
GTT,V,0.18,11,448607,0.727080447
GTC,V,0.24,14.5,588138,0.953225518
GTA,V,0.12,7.1,287712,0.466309642
GTG,V,0.46,28.1,1143534,1.853384392
GCT,A,0.27,18.4,750096,1.063686457
GCC,A,0.4,27.7,1127679,1.599124485
GCA,A,0.23,15.8,643471,0.912485053
GCG,A,0.11,7.4,299495,0.424704005
GAT,D,0.46,21.8,885429,0.929084838
GAC,D,0.54,25.1,1020595,1.070915162
GAA,E,0.42,29,1177632,0.844905326
GAG,E,0.58,39.6,1609975,1.155094674
GGT,G,0.16,10.8,437126,0.652346053
GGC,G,0.34,22.2,903565,1.348437432
GGA,G,0.25,16.5,669873,0.999686606
GGG,G,0.25,16.5,669768,0.999529909