Type,Count,percent,per thousand,RF,RSCU
TTT,383,3.84,38.43,0.65,1.29
TTC,210,2.11,21.07,0.35,0.71
TTA,232,2.33,23.28,0.26,1.57
TTG,178,1.79,17.86,0.2,1.21
TCT,190,1.91,19.06,0.23,1.41
TCC,75,0.75,7.52,0.09,0.56
TCA,173,1.74,17.36,0.21,1.28
TCG,34,0.34,3.41,0.04,0.25
TAT,278,2.79,27.89,0.55,1.1
TAC,227,2.28,22.78,0.45,0.9
TAA,342,3.43,34.31,0.44,1.33
TAG,128,1.28,12.84,0.17,0.5
TGT,367,3.68,36.82,0.58,1.16
TGC,268,2.69,26.89,0.42,0.84
TGA,304,3.05,30.5,0.39,1.18
TGG,263,2.64,26.39,1,1
CTT,208,2.09,20.87,0.23,1.41
CTC,78,0.78,7.83,0.09,0.53
CTA,110,1.1,11.04,0.12,0.74
CTG,80,0.8,8.03,0.09,0.54
CCT,107,1.07,10.74,0.37,1.47
CCC,42,0.42,4.21,0.14,0.58
CCA,115,1.15,11.54,0.39,1.58
CCG,28,0.28,2.81,0.1,0.38
CAT,172,1.73,17.26,0.52,1.04
CAC,160,1.61,16.05,0.48,0.96
CAA,233,2.34,23.38,0.72,1.43
CAG,92,0.92,9.23,0.28,0.57
CGT,54,0.54,5.42,0.1,0.58
CGC,40,0.4,4.01,0.07,0.43
CGA,31,0.31,3.11,0.06,0.33
CGG,33,0.33,3.31,0.06,0.35
ATT,208,2.09,20.87,0.48,1.43
ATC,112,1.12,11.24,0.26,0.77
ATA,116,1.16,11.64,0.27,0.8
ATG,117,1.17,11.74,1,1
ACT,220,2.21,22.07,0.32,1.3
ACC,150,1.5,15.05,0.22,0.88
ACA,249,2.5,24.98,0.37,1.47
ACG,60,0.6,6.02,0.09,0.35
AAT,260,2.61,26.09,0.55,1.1
AAC,212,2.13,21.27,0.45,0.9
AAA,303,3.04,30.4,0.73,1.47
AAG,110,1.1,11.04,0.27,0.53
AGT,197,1.98,19.77,0.24,1.46
AGC,141,1.41,14.15,0.17,1.04
AGA,277,2.78,27.79,0.5,2.98
AGG,123,1.23,12.34,0.22,1.32
GTT,233,2.34,23.38,0.43,1.7
GTC,101,1.01,10.13,0.18,0.74
GTA,121,1.21,12.14,0.22,0.88
GTG,93,0.93,9.33,0.17,0.68
GCT,169,1.7,16.96,0.45,1.8
GCC,68,0.68,6.82,0.18,0.73
GCA,116,1.16,11.64,0.31,1.24
GCG,22,0.22,2.21,0.06,0.23
GAT,167,1.68,16.76,0.58,1.15
GAC,123,1.23,12.34,0.42,0.85
GAA,186,1.87,18.66,0.69,1.38
GAG,84,0.84,8.43,0.31,0.62
GGT,149,1.49,14.95,0.38,1.51
GGC,84,0.84,8.43,0.21,0.85
GGA,112,1.12,11.24,0.28,1.14
GGG,49,0.49,4.92,0.12,0.5