before_codon,after_codon,diff,before,after
AAA,TAA,-0.1399999999999999,1.47,1.33
AAA,GAA,-0.09000000000000008,1.47,1.38
AAA,CAA,-0.040000000000000036,1.47,1.43
AAA,ATA,-0.6699999999999999,1.47,0.8
AAA,AGA,1.51,1.47,2.98
AAA,ACA,0.0,1.47,1.47
AAA,AAT,-0.3699999999999999,1.47,1.1
AAA,AAG,-0.94,1.47,0.53
AAA,AAC,-0.57,1.47,0.9
AAT,TAT,0.0,1.1,1.1
AAT,GAT,0.04999999999999982,1.1,1.15
AAT,CAT,-0.06000000000000005,1.1,1.04
AAT,ATT,0.32999999999999985,1.1,1.43
AAT,AGT,0.3599999999999999,1.1,1.46
AAT,ACT,0.19999999999999996,1.1,1.3
AAT,AAA,0.3699999999999999,1.1,1.47
AAT,AAG,-0.5700000000000001,1.1,0.53
AAT,AAC,-0.20000000000000007,1.1,0.9
AAG,TAG,-0.030000000000000027,0.53,0.5
AAG,GAG,0.08999999999999997,0.53,0.62
AAG,CAG,0.039999999999999925,0.53,0.57
AAG,ATG,0.47,0.53,1.0
AAG,AGG,0.79,0.53,1.32
AAG,ACG,-0.18000000000000005,0.53,0.35
AAG,AAA,0.94,0.53,1.47
AAG,AAT,0.5700000000000001,0.53,1.1
AAG,AAC,0.37,0.53,0.9
AAC,TAC,0.0,0.9,0.9
AAC,GAC,-0.050000000000000044,0.9,0.85
AAC,CAC,0.05999999999999994,0.9,0.96
AAC,ATC,-0.13,0.9,0.77
AAC,AGC,0.14,0.9,1.04
AAC,ACC,-0.020000000000000018,0.9,0.88
AAC,AAA,0.57,0.9,1.47
AAC,AAT,0.20000000000000007,0.9,1.1
AAC,AAG,-0.37,0.9,0.53
ATA,TTA,0.77,0.8,1.57
ATA,GTA,0.07999999999999996,0.8,0.88
ATA,CTA,-0.06000000000000005,0.8,0.74
ATA,AAA,0.6699999999999999,0.8,1.47
ATA,AGA,2.1799999999999997,0.8,2.98
ATA,ACA,0.6699999999999999,0.8,1.47
ATA,ATT,0.6299999999999999,0.8,1.43
ATA,ATG,0.19999999999999996,0.8,1.0
ATA,ATC,-0.030000000000000027,0.8,0.77
ATT,TTT,-0.1399999999999999,1.43,1.29
ATT,GTT,0.27,1.43,1.7
ATT,CTT,-0.020000000000000018,1.43,1.41
ATT,AAT,-0.32999999999999985,1.43,1.1
ATT,AGT,0.030000000000000027,1.43,1.46
ATT,ACT,-0.1299999999999999,1.43,1.3
ATT,ATA,-0.6299999999999999,1.43,0.8
ATT,ATG,-0.42999999999999994,1.43,1.0
ATT,ATC,-0.6599999999999999,1.43,0.77
ATG,TTG,0.20999999999999996,1.0,1.21
ATG,GTG,-0.31999999999999995,1.0,0.68
ATG,CTG,-0.45999999999999996,1.0,0.54
ATG,AAG,-0.47,1.0,0.53
ATG,AGG,0.32000000000000006,1.0,1.32
ATG,ACG,-0.65,1.0,0.35
ATG,ATA,-0.19999999999999996,1.0,0.8
ATG,ATT,0.42999999999999994,1.0,1.43
ATG,ATC,-0.22999999999999998,1.0,0.77
ATC,TTC,-0.06000000000000005,0.77,0.71
ATC,GTC,-0.030000000000000027,0.77,0.74
ATC,CTC,-0.24,0.77,0.53
ATC,AAC,0.13,0.77,0.9
ATC,AGC,0.27,0.77,1.04
ATC,ACC,0.10999999999999999,0.77,0.88
ATC,ATA,0.030000000000000027,0.77,0.8
ATC,ATT,0.6599999999999999,0.77,1.43
ATC,ATG,0.22999999999999998,0.77,1.0
AGA,TGA,-1.8,2.98,1.18
AGA,GGA,-1.84,2.98,1.14
AGA,CGA,-2.65,2.98,0.33
AGA,AAA,-1.51,2.98,1.47
AGA,ATA,-2.1799999999999997,2.98,0.8
AGA,ACA,-1.51,2.98,1.47
AGA,AGT,-1.52,2.98,1.46
AGA,AGG,-1.66,2.98,1.32
AGA,AGC,-1.94,2.98,1.04
AGT,TGT,-0.30000000000000004,1.46,1.16
AGT,GGT,0.050000000000000044,1.46,1.51
AGT,CGT,-0.88,1.46,0.58
AGT,AAT,-0.3599999999999999,1.46,1.1
AGT,ATT,-0.030000000000000027,1.46,1.43
AGT,ACT,-0.15999999999999992,1.46,1.3
AGT,AGA,1.52,1.46,2.98
AGT,AGG,-0.1399999999999999,1.46,1.32
AGT,AGC,-0.41999999999999993,1.46,1.04
AGG,TGG,-0.32000000000000006,1.32,1.0
AGG,GGG,-0.8200000000000001,1.32,0.5
AGG,CGG,-0.9700000000000001,1.32,0.35
AGG,AAG,-0.79,1.32,0.53
AGG,ATG,-0.32000000000000006,1.32,1.0
AGG,ACG,-0.9700000000000001,1.32,0.35
AGG,AGA,1.66,1.32,2.98
AGG,AGT,0.1399999999999999,1.32,1.46
AGG,AGC,-0.28,1.32,1.04
AGC,TGC,-0.20000000000000007,1.04,0.84
AGC,GGC,-0.19000000000000006,1.04,0.85
AGC,CGC,-0.6100000000000001,1.04,0.43
AGC,AAC,-0.14,1.04,0.9
AGC,ATC,-0.27,1.04,0.77
AGC,ACC,-0.16000000000000003,1.04,0.88
AGC,AGA,1.94,1.04,2.98
AGC,AGT,0.41999999999999993,1.04,1.46
AGC,AGG,0.28,1.04,1.32
ACA,TCA,-0.18999999999999995,1.47,1.28
ACA,GCA,-0.22999999999999998,1.47,1.24
ACA,CCA,0.1100000000000001,1.47,1.58
ACA,AAA,0.0,1.47,1.47
ACA,ATA,-0.6699999999999999,1.47,0.8
ACA,AGA,1.51,1.47,2.98
ACA,ACT,-0.16999999999999993,1.47,1.3
ACA,ACG,-1.12,1.47,0.35
ACA,ACC,-0.59,1.47,0.88
ACT,TCT,0.10999999999999988,1.3,1.41
ACT,GCT,0.5,1.3,1.8
ACT,CCT,0.16999999999999993,1.3,1.47
ACT,AAT,-0.19999999999999996,1.3,1.1
ACT,ATT,0.1299999999999999,1.3,1.43
ACT,AGT,0.15999999999999992,1.3,1.46
ACT,ACA,0.16999999999999993,1.3,1.47
ACT,ACG,-0.9500000000000001,1.3,0.35
ACT,ACC,-0.42000000000000004,1.3,0.88
ACG,TCG,-0.09999999999999998,0.35,0.25
ACG,GCG,-0.11999999999999997,0.35,0.23
ACG,CCG,0.030000000000000027,0.35,0.38
ACG,AAG,0.18000000000000005,0.35,0.53
ACG,ATG,0.65,0.35,1.0
ACG,AGG,0.9700000000000001,0.35,1.32
ACG,ACA,1.12,0.35,1.47
ACG,ACT,0.9500000000000001,0.35,1.3
ACG,ACC,0.53,0.35,0.88
ACC,TCC,-0.31999999999999995,0.88,0.56
ACC,GCC,-0.15000000000000002,0.88,0.73
ACC,CCC,-0.30000000000000004,0.88,0.58
ACC,AAC,0.020000000000000018,0.88,0.9
ACC,ATC,-0.10999999999999999,0.88,0.77
ACC,AGC,0.16000000000000003,0.88,1.04
ACC,ACA,0.59,0.88,1.47
ACC,ACT,0.42000000000000004,0.88,1.3
ACC,ACG,-0.53,0.88,0.35
TAA,AAA,0.1399999999999999,1.33,1.47
TAA,GAA,0.04999999999999982,1.33,1.38
TAA,CAA,0.09999999999999987,1.33,1.43
TAA,TTA,0.24,1.33,1.57
TAA,TGA,-0.15000000000000013,1.33,1.18
TAA,TCA,-0.050000000000000044,1.33,1.28
TAA,TAT,-0.22999999999999998,1.33,1.1
TAA,TAG,-0.8300000000000001,1.33,0.5
TAA,TAC,-0.43000000000000005,1.33,0.9
TAT,AAT,0.0,1.1,1.1
TAT,GAT,0.04999999999999982,1.1,1.15
TAT,CAT,-0.06000000000000005,1.1,1.04
TAT,TTT,0.18999999999999995,1.1,1.29
TAT,TGT,0.05999999999999983,1.1,1.16
TAT,TCT,0.30999999999999983,1.1,1.41
TAT,TAA,0.22999999999999998,1.1,1.33
TAT,TAG,-0.6000000000000001,1.1,0.5
TAT,TAC,-0.20000000000000007,1.1,0.9
TAG,AAG,0.030000000000000027,0.5,0.53
TAG,GAG,0.12,0.5,0.62
TAG,CAG,0.06999999999999995,0.5,0.57
TAG,TTG,0.71,0.5,1.21
TAG,TGG,0.5,0.5,1.0
TAG,TCG,-0.25,0.5,0.25
TAG,TAA,0.8300000000000001,0.5,1.33
TAG,TAT,0.6000000000000001,0.5,1.1
TAG,TAC,0.4,0.5,0.9
TAC,AAC,0.0,0.9,0.9
TAC,GAC,-0.050000000000000044,0.9,0.85
TAC,CAC,0.05999999999999994,0.9,0.96
TAC,TTC,-0.19000000000000006,0.9,0.71
TAC,TGC,-0.06000000000000005,0.9,0.84
TAC,TCC,-0.33999999999999997,0.9,0.56
TAC,TAA,0.43000000000000005,0.9,1.33
TAC,TAT,0.20000000000000007,0.9,1.1
TAC,TAG,-0.4,0.9,0.5
TTA,ATA,-0.77,1.57,0.8
TTA,GTA,-0.6900000000000001,1.57,0.88
TTA,CTA,-0.8300000000000001,1.57,0.74
TTA,TAA,-0.24,1.57,1.33
TTA,TGA,-0.3900000000000001,1.57,1.18
TTA,TCA,-0.29000000000000004,1.57,1.28
TTA,TTT,-0.28,1.57,1.29
TTA,TTG,-0.3600000000000001,1.57,1.21
TTA,TTC,-0.8600000000000001,1.57,0.71
TTT,ATT,0.1399999999999999,1.29,1.43
TTT,GTT,0.4099999999999999,1.29,1.7
TTT,CTT,0.11999999999999988,1.29,1.41
TTT,TAT,-0.18999999999999995,1.29,1.1
TTT,TGT,-0.13000000000000012,1.29,1.16
TTT,TCT,0.11999999999999988,1.29,1.41
TTT,TTA,0.28,1.29,1.57
TTT,TTG,-0.08000000000000007,1.29,1.21
TTT,TTC,-0.5800000000000001,1.29,0.71
TTG,ATG,-0.20999999999999996,1.21,1.0
TTG,GTG,-0.5299999999999999,1.21,0.68
TTG,CTG,-0.6699999999999999,1.21,0.54
TTG,TAG,-0.71,1.21,0.5
TTG,TGG,-0.20999999999999996,1.21,1.0
TTG,TCG,-0.96,1.21,0.25
TTG,TTA,0.3600000000000001,1.21,1.57
TTG,TTT,0.08000000000000007,1.21,1.29
TTG,TTC,-0.5,1.21,0.71
TTC,ATC,0.06000000000000005,0.71,0.77
TTC,GTC,0.030000000000000027,0.71,0.74
TTC,CTC,-0.17999999999999994,0.71,0.53
TTC,TAC,0.19000000000000006,0.71,0.9
TTC,TGC,0.13,0.71,0.84
TTC,TCC,-0.1499999999999999,0.71,0.56
TTC,TTA,0.8600000000000001,0.71,1.57
TTC,TTT,0.5800000000000001,0.71,1.29
TTC,TTG,0.5,0.71,1.21
TGA,AGA,1.8,1.18,2.98
TGA,GGA,-0.040000000000000036,1.18,1.14
TGA,CGA,-0.8499999999999999,1.18,0.33
TGA,TAA,0.15000000000000013,1.18,1.33
TGA,TTA,0.3900000000000001,1.18,1.57
TGA,TCA,0.10000000000000009,1.18,1.28
TGA,TGT,-0.020000000000000018,1.18,1.16
TGA,TGG,-0.17999999999999994,1.18,1.0
TGA,TGC,-0.33999999999999997,1.18,0.84
TGT,AGT,0.30000000000000004,1.16,1.46
TGT,GGT,0.3500000000000001,1.16,1.51
TGT,CGT,-0.58,1.16,0.58
TGT,TAT,-0.05999999999999983,1.16,1.1
TGT,TTT,0.13000000000000012,1.16,1.29
TGT,TCT,0.25,1.16,1.41
TGT,TGA,0.020000000000000018,1.16,1.18
TGT,TGG,-0.15999999999999992,1.16,1.0
TGT,TGC,-0.31999999999999995,1.16,0.84
TGG,AGG,0.32000000000000006,1.0,1.32
TGG,GGG,-0.5,1.0,0.5
TGG,CGG,-0.65,1.0,0.35
TGG,TAG,-0.5,1.0,0.5
TGG,TTG,0.20999999999999996,1.0,1.21
TGG,TCG,-0.75,1.0,0.25
TGG,TGA,0.17999999999999994,1.0,1.18
TGG,TGT,0.15999999999999992,1.0,1.16
TGG,TGC,-0.16000000000000003,1.0,0.84
TGC,AGC,0.20000000000000007,0.84,1.04
TGC,GGC,0.010000000000000009,0.84,0.85
TGC,CGC,-0.41,0.84,0.43
TGC,TAC,0.06000000000000005,0.84,0.9
TGC,TTC,-0.13,0.84,0.71
TGC,TCC,-0.2799999999999999,0.84,0.56
TGC,TGA,0.33999999999999997,0.84,1.18
TGC,TGT,0.31999999999999995,0.84,1.16
TGC,TGG,0.16000000000000003,0.84,1.0
TCA,ACA,0.18999999999999995,1.28,1.47
TCA,GCA,-0.040000000000000036,1.28,1.24
TCA,CCA,0.30000000000000004,1.28,1.58
TCA,TAA,0.050000000000000044,1.28,1.33
TCA,TTA,0.29000000000000004,1.28,1.57
TCA,TGA,-0.10000000000000009,1.28,1.18
TCA,TCT,0.1299999999999999,1.28,1.41
TCA,TCG,-1.03,1.28,0.25
TCA,TCC,-0.72,1.28,0.56
TCT,ACT,-0.10999999999999988,1.41,1.3
TCT,GCT,0.3900000000000001,1.41,1.8
TCT,CCT,0.06000000000000005,1.41,1.47
TCT,TAT,-0.30999999999999983,1.41,1.1
TCT,TTT,-0.11999999999999988,1.41,1.29
TCT,TGT,-0.25,1.41,1.16
TCT,TCA,-0.1299999999999999,1.41,1.28
TCT,TCG,-1.16,1.41,0.25
TCT,TCC,-0.8499999999999999,1.41,0.56
TCG,ACG,0.09999999999999998,0.25,0.35
TCG,GCG,-0.01999999999999999,0.25,0.23
TCG,CCG,0.13,0.25,0.38
TCG,TAG,0.25,0.25,0.5
TCG,TTG,0.96,0.25,1.21
TCG,TGG,0.75,0.25,1.0
TCG,TCA,1.03,0.25,1.28
TCG,TCT,1.16,0.25,1.41
TCG,TCC,0.31000000000000005,0.25,0.56
TCC,ACC,0.31999999999999995,0.56,0.88
TCC,GCC,0.16999999999999993,0.56,0.73
TCC,CCC,0.019999999999999907,0.56,0.58
TCC,TAC,0.33999999999999997,0.56,0.9
TCC,TTC,0.1499999999999999,0.56,0.71
TCC,TGC,0.2799999999999999,0.56,0.84
TCC,TCA,0.72,0.56,1.28
TCC,TCT,0.8499999999999999,0.56,1.41
TCC,TCG,-0.31000000000000005,0.56,0.25
GAA,AAA,0.09000000000000008,1.38,1.47
GAA,TAA,-0.04999999999999982,1.38,1.33
GAA,CAA,0.050000000000000044,1.38,1.43
GAA,GTA,-0.4999999999999999,1.38,0.88
GAA,GGA,-0.24,1.38,1.14
GAA,GCA,-0.1399999999999999,1.38,1.24
GAA,GAT,-0.22999999999999998,1.38,1.15
GAA,GAG,-0.7599999999999999,1.38,0.62
GAA,GAC,-0.5299999999999999,1.38,0.85
GAT,AAT,-0.04999999999999982,1.15,1.1
GAT,TAT,-0.04999999999999982,1.15,1.1
GAT,CAT,-0.10999999999999988,1.15,1.04
GAT,GTT,0.55,1.15,1.7
GAT,GGT,0.3600000000000001,1.15,1.51
GAT,GCT,0.6500000000000001,1.15,1.8
GAT,GAA,0.22999999999999998,1.15,1.38
GAT,GAG,-0.5299999999999999,1.15,0.62
GAT,GAC,-0.29999999999999993,1.15,0.85
GAG,AAG,-0.08999999999999997,0.62,0.53
GAG,TAG,-0.12,0.62,0.5
GAG,CAG,-0.050000000000000044,0.62,0.57
GAG,GTG,0.06000000000000005,0.62,0.68
GAG,GGG,-0.12,0.62,0.5
GAG,GCG,-0.39,0.62,0.23
GAG,GAA,0.7599999999999999,0.62,1.38
GAG,GAT,0.5299999999999999,0.62,1.15
GAG,GAC,0.22999999999999998,0.62,0.85
GAC,AAC,0.050000000000000044,0.85,0.9
GAC,TAC,0.050000000000000044,0.85,0.9
GAC,CAC,0.10999999999999999,0.85,0.96
GAC,GTC,-0.10999999999999999,0.85,0.74
GAC,GGC,0.0,0.85,0.85
GAC,GCC,-0.12,0.85,0.73
GAC,GAA,0.5299999999999999,0.85,1.38
GAC,GAT,0.29999999999999993,0.85,1.15
GAC,GAG,-0.22999999999999998,0.85,0.62
GTA,ATA,-0.07999999999999996,0.88,0.8
GTA,TTA,0.6900000000000001,0.88,1.57
GTA,CTA,-0.14,0.88,0.74
GTA,GAA,0.4999999999999999,0.88,1.38
GTA,GGA,0.2599999999999999,0.88,1.14
GTA,GCA,0.36,0.88,1.24
GTA,GTT,0.82,0.88,1.7
GTA,GTG,-0.19999999999999996,0.88,0.68
GTA,GTC,-0.14,0.88,0.74
GTT,ATT,-0.27,1.7,1.43
GTT,TTT,-0.4099999999999999,1.7,1.29
GTT,CTT,-0.29000000000000004,1.7,1.41
GTT,GAT,-0.55,1.7,1.15
GTT,GGT,-0.18999999999999995,1.7,1.51
GTT,GCT,0.10000000000000009,1.7,1.8
GTT,GTA,-0.82,1.7,0.88
GTT,GTG,-1.02,1.7,0.68
GTT,GTC,-0.96,1.7,0.74
GTG,ATG,0.31999999999999995,0.68,1.0
GTG,TTG,0.5299999999999999,0.68,1.21
GTG,CTG,-0.14,0.68,0.54
GTG,GAG,-0.06000000000000005,0.68,0.62
GTG,GGG,-0.18000000000000005,0.68,0.5
GTG,GCG,-0.45000000000000007,0.68,0.23
GTG,GTA,0.19999999999999996,0.68,0.88
GTG,GTT,1.02,0.68,1.7
GTG,GTC,0.05999999999999994,0.68,0.74
GTC,ATC,0.030000000000000027,0.74,0.77
GTC,TTC,-0.030000000000000027,0.74,0.71
GTC,CTC,-0.20999999999999996,0.74,0.53
GTC,GAC,0.10999999999999999,0.74,0.85
GTC,GGC,0.10999999999999999,0.74,0.85
GTC,GCC,-0.010000000000000009,0.74,0.73
GTC,GTA,0.14,0.74,0.88
GTC,GTT,0.96,0.74,1.7
GTC,GTG,-0.05999999999999994,0.74,0.68
GGA,AGA,1.84,1.14,2.98
GGA,TGA,0.040000000000000036,1.14,1.18
GGA,CGA,-0.8099999999999998,1.14,0.33
GGA,GAA,0.24,1.14,1.38
GGA,GTA,-0.2599999999999999,1.14,0.88
GGA,GCA,0.10000000000000009,1.14,1.24
GGA,GGT,0.3700000000000001,1.14,1.51
GGA,GGG,-0.6399999999999999,1.14,0.5
GGA,GGC,-0.2899999999999999,1.14,0.85
GGT,AGT,-0.050000000000000044,1.51,1.46
GGT,TGT,-0.3500000000000001,1.51,1.16
GGT,CGT,-0.93,1.51,0.58
GGT,GAT,-0.3600000000000001,1.51,1.15
GGT,GTT,0.18999999999999995,1.51,1.7
GGT,GCT,0.29000000000000004,1.51,1.8
GGT,GGA,-0.3700000000000001,1.51,1.14
GGT,GGG,-1.01,1.51,0.5
GGT,GGC,-0.66,1.51,0.85
GGG,AGG,0.8200000000000001,0.5,1.32
GGG,TGG,0.5,0.5,1.0
GGG,CGG,-0.15000000000000002,0.5,0.35
GGG,GAG,0.12,0.5,0.62
GGG,GTG,0.18000000000000005,0.5,0.68
GGG,GCG,-0.27,0.5,0.23
GGG,GGA,0.6399999999999999,0.5,1.14
GGG,GGT,1.01,0.5,1.51
GGG,GGC,0.35,0.5,0.85
GGC,AGC,0.19000000000000006,0.85,1.04
GGC,TGC,-0.010000000000000009,0.85,0.84
GGC,CGC,-0.42,0.85,0.43
GGC,GAC,0.0,0.85,0.85
GGC,GTC,-0.10999999999999999,0.85,0.74
GGC,GCC,-0.12,0.85,0.73
GGC,GGA,0.2899999999999999,0.85,1.14
GGC,GGT,0.66,0.85,1.51
GGC,GGG,-0.35,0.85,0.5
GCA,ACA,0.22999999999999998,1.24,1.47
GCA,TCA,0.040000000000000036,1.24,1.28
GCA,CCA,0.3400000000000001,1.24,1.58
GCA,GAA,0.1399999999999999,1.24,1.38
GCA,GTA,-0.36,1.24,0.88
GCA,GGA,-0.10000000000000009,1.24,1.14
GCA,GCT,0.56,1.24,1.8
GCA,GCG,-1.01,1.24,0.23
GCA,GCC,-0.51,1.24,0.73
GCT,ACT,-0.5,1.8,1.3
GCT,TCT,-0.3900000000000001,1.8,1.41
GCT,CCT,-0.33000000000000007,1.8,1.47
GCT,GAT,-0.6500000000000001,1.8,1.15
GCT,GTT,-0.10000000000000009,1.8,1.7
GCT,GGT,-0.29000000000000004,1.8,1.51
GCT,GCA,-0.56,1.8,1.24
GCT,GCG,-1.57,1.8,0.23
GCT,GCC,-1.07,1.8,0.73
GCG,ACG,0.11999999999999997,0.23,0.35
GCG,TCG,0.01999999999999999,0.23,0.25
GCG,CCG,0.15,0.23,0.38
GCG,GAG,0.39,0.23,0.62
GCG,GTG,0.45000000000000007,0.23,0.68
GCG,GGG,0.27,0.23,0.5
GCG,GCA,1.01,0.23,1.24
GCG,GCT,1.57,0.23,1.8
GCG,GCC,0.5,0.23,0.73
GCC,ACC,0.15000000000000002,0.73,0.88
GCC,TCC,-0.16999999999999993,0.73,0.56
GCC,CCC,-0.15000000000000002,0.73,0.58
GCC,GAC,0.12,0.73,0.85
GCC,GTC,0.010000000000000009,0.73,0.74
GCC,GGC,0.12,0.73,0.85
GCC,GCA,0.51,0.73,1.24
GCC,GCT,1.07,0.73,1.8
GCC,GCG,-0.5,0.73,0.23
CAA,AAA,0.040000000000000036,1.43,1.47
CAA,TAA,-0.09999999999999987,1.43,1.33
CAA,GAA,-0.050000000000000044,1.43,1.38
CAA,CTA,-0.69,1.43,0.74
CAA,CGA,-1.0999999999999999,1.43,0.33
CAA,CCA,0.15000000000000013,1.43,1.58
CAA,CAT,-0.3899999999999999,1.43,1.04
CAA,CAG,-0.86,1.43,0.57
CAA,CAC,-0.47,1.43,0.96
CAT,AAT,0.06000000000000005,1.04,1.1
CAT,TAT,0.06000000000000005,1.04,1.1
CAT,GAT,0.10999999999999988,1.04,1.15
CAT,CTT,0.3699999999999999,1.04,1.41
CAT,CGT,-0.4600000000000001,1.04,0.58
CAT,CCT,0.42999999999999994,1.04,1.47
CAT,CAA,0.3899999999999999,1.04,1.43
CAT,CAG,-0.4700000000000001,1.04,0.57
CAT,CAC,-0.08000000000000007,1.04,0.96
CAG,AAG,-0.039999999999999925,0.57,0.53
CAG,TAG,-0.06999999999999995,0.57,0.5
CAG,GAG,0.050000000000000044,0.57,0.62
CAG,CTG,-0.029999999999999916,0.57,0.54
CAG,CGG,-0.21999999999999997,0.57,0.35
CAG,CCG,-0.18999999999999995,0.57,0.38
CAG,CAA,0.86,0.57,1.43
CAG,CAT,0.4700000000000001,0.57,1.04
CAG,CAC,0.39,0.57,0.96
CAC,AAC,-0.05999999999999994,0.96,0.9
CAC,TAC,-0.05999999999999994,0.96,0.9
CAC,GAC,-0.10999999999999999,0.96,0.85
CAC,CTC,-0.42999999999999994,0.96,0.53
CAC,CGC,-0.53,0.96,0.43
CAC,CCC,-0.38,0.96,0.58
CAC,CAA,0.47,0.96,1.43
CAC,CAT,0.08000000000000007,0.96,1.04
CAC,CAG,-0.39,0.96,0.57
CTA,ATA,0.06000000000000005,0.74,0.8
CTA,TTA,0.8300000000000001,0.74,1.57
CTA,GTA,0.14,0.74,0.88
CTA,CAA,0.69,0.74,1.43
CTA,CGA,-0.41,0.74,0.33
CTA,CCA,0.8400000000000001,0.74,1.58
CTA,CTT,0.6699999999999999,0.74,1.41
CTA,CTG,-0.19999999999999996,0.74,0.54
CTA,CTC,-0.20999999999999996,0.74,0.53
CTT,ATT,0.020000000000000018,1.41,1.43
CTT,TTT,-0.11999999999999988,1.41,1.29
CTT,GTT,0.29000000000000004,1.41,1.7
CTT,CAT,-0.3699999999999999,1.41,1.04
CTT,CGT,-0.83,1.41,0.58
CTT,CCT,0.06000000000000005,1.41,1.47
CTT,CTA,-0.6699999999999999,1.41,0.74
CTT,CTG,-0.8699999999999999,1.41,0.54
CTT,CTC,-0.8799999999999999,1.41,0.53
CTG,ATG,0.45999999999999996,0.54,1.0
CTG,TTG,0.6699999999999999,0.54,1.21
CTG,GTG,0.14,0.54,0.68
CTG,CAG,0.029999999999999916,0.54,0.57
CTG,CGG,-0.19000000000000006,0.54,0.35
CTG,CCG,-0.16000000000000003,0.54,0.38
CTG,CTA,0.19999999999999996,0.54,0.74
CTG,CTT,0.8699999999999999,0.54,1.41
CTG,CTC,-0.010000000000000009,0.54,0.53
CTC,ATC,0.24,0.53,0.77
CTC,TTC,0.17999999999999994,0.53,0.71
CTC,GTC,0.20999999999999996,0.53,0.74
CTC,CAC,0.42999999999999994,0.53,0.96
CTC,CGC,-0.10000000000000003,0.53,0.43
CTC,CCC,0.04999999999999993,0.53,0.58
CTC,CTA,0.20999999999999996,0.53,0.74
CTC,CTT,0.8799999999999999,0.53,1.41
CTC,CTG,0.010000000000000009,0.53,0.54
CGA,AGA,2.65,0.33,2.98
CGA,TGA,0.8499999999999999,0.33,1.18
CGA,GGA,0.8099999999999998,0.33,1.14
CGA,CAA,1.0999999999999999,0.33,1.43
CGA,CTA,0.41,0.33,0.74
CGA,CCA,1.25,0.33,1.58
CGA,CGT,0.24999999999999994,0.33,0.58
CGA,CGG,0.019999999999999962,0.33,0.35
CGA,CGC,0.09999999999999998,0.33,0.43
CGT,AGT,0.88,0.58,1.46
CGT,TGT,0.58,0.58,1.16
CGT,GGT,0.93,0.58,1.51
CGT,CAT,0.4600000000000001,0.58,1.04
CGT,CTT,0.83,0.58,1.41
CGT,CCT,0.89,0.58,1.47
CGT,CGA,-0.24999999999999994,0.58,0.33
CGT,CGG,-0.22999999999999998,0.58,0.35
CGT,CGC,-0.14999999999999997,0.58,0.43
CGG,AGG,0.9700000000000001,0.35,1.32
CGG,TGG,0.65,0.35,1.0
CGG,GGG,0.15000000000000002,0.35,0.5
CGG,CAG,0.21999999999999997,0.35,0.57
CGG,CTG,0.19000000000000006,0.35,0.54
CGG,CCG,0.030000000000000027,0.35,0.38
CGG,CGA,-0.019999999999999962,0.35,0.33
CGG,CGT,0.22999999999999998,0.35,0.58
CGG,CGC,0.08000000000000002,0.35,0.43
CGC,AGC,0.6100000000000001,0.43,1.04
CGC,TGC,0.41,0.43,0.84
CGC,GGC,0.42,0.43,0.85
CGC,CAC,0.53,0.43,0.96
CGC,CTC,0.10000000000000003,0.43,0.53
CGC,CCC,0.14999999999999997,0.43,0.58
CGC,CGA,-0.09999999999999998,0.43,0.33
CGC,CGT,0.14999999999999997,0.43,0.58
CGC,CGG,-0.08000000000000002,0.43,0.35
CCA,ACA,-0.1100000000000001,1.58,1.47
CCA,TCA,-0.30000000000000004,1.58,1.28
CCA,GCA,-0.3400000000000001,1.58,1.24
CCA,CAA,-0.15000000000000013,1.58,1.43
CCA,CTA,-0.8400000000000001,1.58,0.74
CCA,CGA,-1.25,1.58,0.33
CCA,CCT,-0.1100000000000001,1.58,1.47
CCA,CCG,-1.2000000000000002,1.58,0.38
CCA,CCC,-1.0,1.58,0.58
CCT,ACT,-0.16999999999999993,1.47,1.3
CCT,TCT,-0.06000000000000005,1.47,1.41
CCT,GCT,0.33000000000000007,1.47,1.8
CCT,CAT,-0.42999999999999994,1.47,1.04
CCT,CTT,-0.06000000000000005,1.47,1.41
CCT,CGT,-0.89,1.47,0.58
CCT,CCA,0.1100000000000001,1.47,1.58
CCT,CCG,-1.0899999999999999,1.47,0.38
CCT,CCC,-0.89,1.47,0.58
CCG,ACG,-0.030000000000000027,0.38,0.35
CCG,TCG,-0.13,0.38,0.25
CCG,GCG,-0.15,0.38,0.23
CCG,CAG,0.18999999999999995,0.38,0.57
CCG,CTG,0.16000000000000003,0.38,0.54
CCG,CGG,-0.030000000000000027,0.38,0.35
CCG,CCA,1.2000000000000002,0.38,1.58
CCG,CCT,1.0899999999999999,0.38,1.47
CCG,CCC,0.19999999999999996,0.38,0.58
CCC,ACC,0.30000000000000004,0.58,0.88
CCC,TCC,-0.019999999999999907,0.58,0.56
CCC,GCC,0.15000000000000002,0.58,0.73
CCC,CAC,0.38,0.58,0.96
CCC,CTC,-0.04999999999999993,0.58,0.53
CCC,CGC,-0.14999999999999997,0.58,0.43
CCC,CCA,1.0,0.58,1.58
CCC,CCT,0.89,0.58,1.47
CCC,CCG,-0.19999999999999996,0.58,0.38
