before_codon,after_codon,diff,before,after
AAA,TAA,-1.444660871,-0.09485236068655549,-1.5395132333829906
AAA,GAA,0.285718521,-0.09485236068655549,0.19086616023456138
AAA,CAA,-0.18250734,-0.09485236068655549,-0.2773597012803739
AAA,ATA,-0.096556129,-0.09485236068655549,-0.1914084891379679
AAA,AGA,-0.263931794,-0.09485236068655549,-0.3587841553343561
AAA,ACA,-0.123439338,-0.09485236068655549,-0.2182916989598761
AAA,AAT,-0.092090625,-0.09485236068655549,-0.18694298580130916
AAA,AAG,0.555289394,-0.09485236068655549,0.46043703358185367
AAA,AAC,0.04808507,-0.09485236068655549,-0.046767290839914634
AAT,TAT,-0.172514261,-0.18694298580130916,-0.35945724736249063
AAT,GAT,0.300749763,-0.18694298580130916,0.11380677729075148
AAT,CAT,-0.01407774,-0.18694298580130916,-0.20102072628433656
AAT,ATT,0.071478432,-0.18694298580130916,-0.11546455441081281
AAT,AGT,-0.024929063,-0.18694298580130916,-0.21187204983407648
AAT,ACT,-0.038887043,-0.18694298580130916,-0.22583002889583703
AAT,AAA,0.092090625,-0.18694298580130916,-0.09485236068655549
AAT,AAG,0.64738002,-0.18694298580130916,0.46043703358185367
AAT,AAC,0.140175695,-0.18694298580130916,-0.046767290839914634
AAG,TAG,-1.671650717,0.46043703358185367,-1.2112136800417361
AAG,GAG,0.211472319,0.46043703358185367,0.6719093523534901
AAG,CAG,0.108775457,0.46043703358185367,0.5692124901720316
AAG,ATG,-0.186942956,0.46043703358185367,0.27349407757363386
AAG,AGG,-0.473922825,0.46043703358185367,-0.013485791392917447
AAG,ACG,-0.458098341,0.46043703358185367,0.002338692988594677
AAG,AAA,-0.555289394,0.46043703358185367,-0.09485236068655549
AAG,AAT,-0.64738002,0.46043703358185367,-0.18694298580130916
AAG,AAC,-0.507204324,0.46043703358185367,-0.046767290839914634
AAC,TAC,-0.125814592,-0.046767290839914634,-0.17258188255040494
AAC,GAC,0.355085122,-0.046767290839914634,0.30831783098193966
AAC,CAC,0.019982137,-0.046767290839914634,-0.026785153454462116
AAC,ATC,0.314528293,-0.046767290839914634,0.2677610019880423
AAC,AGC,0.185304401,-0.046767290839914634,0.1385371103253086
AAC,ACC,0.145489877,-0.046767290839914634,0.09872258584265703
AAC,AAA,-0.04808507,-0.046767290839914634,-0.09485236068655549
AAC,AAT,-0.140175695,-0.046767290839914634,-0.18694298580130916
AAC,AAG,0.507204324,-0.046767290839914634,0.46043703358185367
ATA,TTA,-0.290721071,-0.1914084891379679,-0.48212956093542947
ATA,GTA,-0.043049399,-0.1914084891379679,-0.23445788803587603
ATA,CTA,0.002906528,-0.1914084891379679,-0.18850196155055624
ATA,AAA,0.096556129,-0.1914084891379679,-0.09485236068655549
ATA,AGA,-0.167375665,-0.1914084891379679,-0.3587841553343561
ATA,ACA,-0.026883209,-0.1914084891379679,-0.2182916989598761
ATA,ATT,0.075943935,-0.1914084891379679,-0.11546455441081281
ATA,ATG,0.464902567,-0.1914084891379679,0.27349407757363386
ATA,ATC,0.459169491,-0.1914084891379679,0.2677610019880423
ATT,TTT,-0.224485279,-0.11546455441081281,-0.33994983361945175
ATT,GTT,-0.210655815,-0.11546455441081281,-0.3261203685071822
ATT,CTT,-0.083647406,-0.11546455441081281,-0.19911196016568766
ATT,AAT,-0.071478432,-0.11546455441081281,-0.18694298580130916
ATT,AGT,-0.096407495,-0.11546455441081281,-0.21187204983407648
ATT,ACT,-0.110365474,-0.11546455441081281,-0.22583002889583703
ATT,ATA,-0.075943935,-0.11546455441081281,-0.1914084891379679
ATT,ATG,0.388958632,-0.11546455441081281,0.27349407757363386
ATT,ATC,0.383225556,-0.11546455441081281,0.2677610019880423
ATG,TTG,-0.41381651,0.27349407757363386,-0.14032243246696158
ATG,GTG,0.205641562,0.27349407757363386,0.47913563940117226
ATG,CTG,0.420096862,0.27349407757363386,0.693590940092247
ATG,AAG,0.186942956,0.27349407757363386,0.46043703358185367
ATG,AGG,-0.286979869,0.27349407757363386,-0.013485791392917447
ATG,ACG,-0.271155385,0.27349407757363386,0.002338692988594677
ATG,ATA,-0.464902567,0.27349407757363386,-0.1914084891379679
ATG,ATT,-0.388958632,0.27349407757363386,-0.11546455441081281
ATG,ATC,-0.005733076,0.27349407757363386,0.2677610019880423
ATC,TTC,-0.284319009,0.2677610019880423,-0.016558006931241112
ATC,GTC,-0.113233629,0.2677610019880423,0.15452737280323342
ATC,CTC,0.13077492,0.2677610019880423,0.3985359221031928
ATC,AAC,-0.314528293,0.2677610019880423,-0.046767290839914634
ATC,AGC,-0.129223892,0.2677610019880423,0.1385371103253086
ATC,ACC,-0.169038416,0.2677610019880423,0.09872258584265703
ATC,ATA,-0.459169491,0.2677610019880423,-0.1914084891379679
ATC,ATT,-0.383225556,0.2677610019880423,-0.11546455441081281
ATC,ATG,0.005733076,0.2677610019880423,0.27349407757363386
AGA,TGA,-0.933748664,-0.3587841553343561,-1.292532814998729
AGA,GGA,0.524928112,-0.3587841553343561,0.16614395688965974
AGA,CGA,0.656050228,-0.3587841553343561,0.2972660735180828
AGA,AAA,0.263931794,-0.3587841553343561,-0.09485236068655549
AGA,ATA,0.167375665,-0.3587841553343561,-0.1914084891379679
AGA,ACA,0.140492456,-0.3587841553343561,-0.2182916989598761
AGA,AGT,0.146912105,-0.3587841553343561,-0.21187204983407648
AGA,AGG,0.345298363,-0.3587841553343561,-0.013485791392917447
AGA,AGC,0.497321265,-0.3587841553343561,0.1385371103253086
AGT,TGT,-0.32964206,-0.21187204983407648,-0.5415141096272036
AGT,GGT,0.068661926,-0.21187204983407648,-0.14321012361179986
AGT,CGT,0.135100666,-0.21187204983407648,-0.0767713840676801
AGT,AAT,0.024929063,-0.21187204983407648,-0.18694298580130916
AGT,ATT,0.096407495,-0.21187204983407648,-0.11546455441081281
AGT,ACT,-0.013957979,-0.21187204983407648,-0.22583002889583703
AGT,AGA,-0.146912105,-0.21187204983407648,-0.3587841553343561
AGT,AGG,0.198386258,-0.21187204983407648,-0.013485791392917447
AGT,AGC,0.35040916,-0.21187204983407648,0.1385371103253086
AGG,TGG,-0.288263937,-0.013485791392917447,-0.30174972866307875
AGG,GGG,0.538583612,-0.013485791392917447,0.5250978202675862
AGG,CGG,0.551313051,-0.013485791392917447,0.5378272598586664
AGG,AAG,0.473922825,-0.013485791392917447,0.46043703358185367
AGG,ATG,0.286979869,-0.013485791392917447,0.27349407757363386
AGG,ACG,0.015824484,-0.013485791392917447,0.002338692988594677
AGG,AGA,-0.345298363,-0.013485791392917447,-0.3587841553343561
AGG,AGT,-0.198386258,-0.013485791392917447,-0.21187204983407648
AGG,AGC,0.152022902,-0.013485791392917447,0.1385371103253086
AGC,TGC,-0.46716133,0.1385371103253086,-0.32862421879993037
AGC,GGC,0.28251251,0.1385371103253086,0.42104962013877484
AGC,CGC,0.275642227,0.1385371103253086,0.4141793371024862
AGC,AAC,-0.185304401,0.1385371103253086,-0.046767290839914634
AGC,ATC,0.129223892,0.1385371103253086,0.2677610019880423
AGC,ACC,-0.039814524,0.1385371103253086,0.09872258584265703
AGC,AGA,-0.497321265,0.1385371103253086,-0.3587841553343561
AGC,AGT,-0.35040916,0.1385371103253086,-0.21187204983407648
AGC,AGG,-0.152022902,0.1385371103253086,-0.013485791392917447
ACA,TCA,0.065488867,-0.2182916989598761,-0.15280283165445566
ACA,GCA,0.351732195,-0.2182916989598761,0.13344049567114916
ACA,CCA,0.384575789,-0.2182916989598761,0.16628409056443252
ACA,AAA,0.123439338,-0.2182916989598761,-0.09485236068655549
ACA,ATA,0.026883209,-0.2182916989598761,-0.1914084891379679
ACA,AGA,-0.140492456,-0.2182916989598761,-0.3587841553343561
ACA,ACT,-0.00753833,-0.2182916989598761,-0.22583002889583703
ACA,ACG,0.220630392,-0.2182916989598761,0.002338692988594677
ACA,ACC,0.317014285,-0.2182916989598761,0.09872258584265703
ACT,TCT,0.127933771,-0.22583002889583703,-0.09789625737132915
ACT,GCT,0.26242968,-0.22583002889583703,0.036599650951050694
ACT,CCT,0.439047186,-0.22583002889583703,0.21321715759845777
ACT,AAT,0.038887043,-0.22583002889583703,-0.18694298580130916
ACT,ATT,0.110365474,-0.22583002889583703,-0.11546455441081281
ACT,AGT,0.013957979,-0.22583002889583703,-0.21187204983407648
ACT,ACA,0.00753833,-0.22583002889583703,-0.2182916989598761
ACT,ACG,0.228168722,-0.22583002889583703,0.002338692988594677
ACT,ACC,0.324552615,-0.22583002889583703,0.09872258584265703
ACG,TCG,0.109420328,0.002338692988594677,0.11175902094061975
ACG,GCG,0.520997709,0.002338692988594677,0.5233364017501515
ACG,CCG,0.389459163,0.002338692988594677,0.3917978556407834
ACG,AAG,0.458098341,0.002338692988594677,0.46043703358185367
ACG,ATG,0.271155385,0.002338692988594677,0.27349407757363386
ACG,AGG,-0.015824484,0.002338692988594677,-0.013485791392917447
ACG,ACA,-0.220630392,0.002338692988594677,-0.2182916989598761
ACG,ACT,-0.228168722,0.002338692988594677,-0.22583002889583703
ACG,ACC,0.096383893,0.002338692988594677,0.09872258584265703
ACC,TCC,0.272249308,0.09872258584265703,0.37097189347169646
ACC,GCC,0.510323501,0.09872258584265703,0.6090460864543695
ACC,CCC,0.572988453,0.09872258584265703,0.6717110391645286
ACC,AAC,-0.145489877,0.09872258584265703,-0.046767290839914634
ACC,ATC,0.169038416,0.09872258584265703,0.2677610019880423
ACC,AGC,0.039814524,0.09872258584265703,0.1385371103253086
ACC,ACA,-0.317014285,0.09872258584265703,-0.2182916989598761
ACC,ACT,-0.324552615,0.09872258584265703,-0.22583002889583703
ACC,ACG,-0.096383893,0.09872258584265703,0.002338692988594677
TAA,AAA,1.444660871,-1.5395132333829906,-0.09485236068655549
TAA,GAA,1.730379392,-1.5395132333829906,0.19086616023456138
TAA,CAA,1.262153531,-1.5395132333829906,-0.2773597012803739
TAA,TTA,1.057383671,-1.5395132333829906,-0.48212956093542947
TAA,TGA,0.246980413,-1.5395132333829906,-1.292532814998729
TAA,TCA,1.3867104,-1.5395132333829906,-0.15280283165445566
TAA,TAT,1.180055985,-1.5395132333829906,-0.35945724736249063
TAA,TAG,0.328299549,-1.5395132333829906,-1.2112136800417361
TAA,TAC,1.366931349,-1.5395132333829906,-0.17258188255040494
TAT,AAT,0.172514261,-0.35945724736249063,-0.18694298580130916
TAT,GAT,0.473264024,-0.35945724736249063,0.11380677729075148
TAT,CAT,0.158436521,-0.35945724736249063,-0.20102072628433656
TAT,TTT,0.019507413,-0.35945724736249063,-0.33994983361945175
TAT,TGT,-0.182056863,-0.35945724736249063,-0.5415141096272036
TAT,TCT,0.26156099,-0.35945724736249063,-0.09789625737132915
TAT,TAA,-1.180055985,-0.35945724736249063,-1.5395132333829906
TAT,TAG,-0.851756436,-0.35945724736249063,-1.2112136800417361
TAT,TAC,0.186875364,-0.35945724736249063,-0.17258188255040494
TAG,AAG,1.671650717,-1.2112136800417361,0.46043703358185367
TAG,GAG,1.883123036,-1.2112136800417361,0.6719093523534901
TAG,CAG,1.780426174,-1.2112136800417361,0.5692124901720316
TAG,TTG,1.070891251,-1.2112136800417361,-0.14032243246696158
TAG,TGG,0.909463955,-1.2112136800417361,-0.30174972866307875
TAG,TCG,1.322972704,-1.2112136800417361,0.11175902094061975
TAG,TAA,-0.328299549,-1.2112136800417361,-1.5395132333829906
TAG,TAT,0.851756436,-1.2112136800417361,-0.35945724736249063
TAG,TAC,1.038631801,-1.2112136800417361,-0.17258188255040494
TAC,AAC,0.125814592,-0.17258188255040494,-0.046767290839914634
TAC,GAC,0.480899714,-0.17258188255040494,0.30831783098193966
TAC,CAC,0.145796729,-0.17258188255040494,-0.026785153454462116
TAC,TTC,0.156023876,-0.17258188255040494,-0.016558006931241112
TAC,TGC,-0.156042337,-0.17258188255040494,-0.32862421879993037
TAC,TCC,0.543553776,-0.17258188255040494,0.37097189347169646
TAC,TAA,-1.366931349,-0.17258188255040494,-1.5395132333829906
TAC,TAT,-0.186875364,-0.17258188255040494,-0.35945724736249063
TAC,TAG,-1.038631801,-0.17258188255040494,-1.2112136800417361
TTA,ATA,0.290721071,-0.48212956093542947,-0.1914084891379679
TTA,GTA,0.247671673,-0.48212956093542947,-0.23445788803587603
TTA,CTA,0.293627599,-0.48212956093542947,-0.18850196155055624
TTA,TAA,-1.057383671,-0.48212956093542947,-1.5395132333829906
TTA,TGA,-0.810403258,-0.48212956093542947,-1.292532814998729
TTA,TCA,0.329326729,-0.48212956093542947,-0.15280283165445566
TTA,TTT,0.142179727,-0.48212956093542947,-0.33994983361945175
TTA,TTG,0.341807128,-0.48212956093542947,-0.14032243246696158
TTA,TTC,0.465571554,-0.48212956093542947,-0.016558006931241112
TTT,ATT,0.224485279,-0.33994983361945175,-0.11546455441081281
TTT,GTT,0.013829465,-0.33994983361945175,-0.3261203685071822
TTT,CTT,0.140837873,-0.33994983361945175,-0.19911196016568766
TTT,TAT,-0.019507413,-0.33994983361945175,-0.35945724736249063
TTT,TGT,-0.201564276,-0.33994983361945175,-0.5415141096272036
TTT,TCT,0.242053576,-0.33994983361945175,-0.09789625737132915
TTT,TTA,-0.142179727,-0.33994983361945175,-0.48212956093542947
TTT,TTG,0.199627401,-0.33994983361945175,-0.14032243246696158
TTT,TTC,0.323391827,-0.33994983361945175,-0.016558006931241112
TTG,ATG,0.41381651,-0.14032243246696158,0.27349407757363386
TTG,GTG,0.619458072,-0.14032243246696158,0.47913563940117226
TTG,CTG,0.833913373,-0.14032243246696158,0.693590940092247
TTG,TAG,-1.070891251,-0.14032243246696158,-1.2112136800417361
TTG,TGG,-0.161427296,-0.14032243246696158,-0.30174972866307875
TTG,TCG,0.252081454,-0.14032243246696158,0.11175902094061975
TTG,TTA,-0.341807128,-0.14032243246696158,-0.48212956093542947
TTG,TTT,-0.199627401,-0.14032243246696158,-0.33994983361945175
TTG,TTC,0.123764426,-0.14032243246696158,-0.016558006931241112
TTC,ATC,0.284319009,-0.016558006931241112,0.2677610019880423
TTC,GTC,0.17108538,-0.016558006931241112,0.15452737280323342
TTC,CTC,0.415093929,-0.016558006931241112,0.3985359221031928
TTC,TAC,-0.156023876,-0.016558006931241112,-0.17258188255040494
TTC,TGC,-0.312066212,-0.016558006931241112,-0.32862421879993037
TTC,TCC,0.3875299,-0.016558006931241112,0.37097189347169646
TTC,TTA,-0.465571554,-0.016558006931241112,-0.48212956093542947
TTC,TTT,-0.323391827,-0.016558006931241112,-0.33994983361945175
TTC,TTG,-0.123764426,-0.016558006931241112,-0.14032243246696158
TGA,AGA,0.933748664,-1.292532814998729,-0.3587841553343561
TGA,GGA,1.458676776,-1.292532814998729,0.16614395688965974
TGA,CGA,1.589798892,-1.292532814998729,0.2972660735180828
TGA,TAA,-0.246980413,-1.292532814998729,-1.5395132333829906
TGA,TTA,0.810403258,-1.292532814998729,-0.48212956093542947
TGA,TCA,1.139729987,-1.292532814998729,-0.15280283165445566
TGA,TGT,0.751018709,-1.292532814998729,-0.5415141096272036
TGA,TGG,0.990783091,-1.292532814998729,-0.30174972866307875
TGA,TGC,0.9639086,-1.292532814998729,-0.32862421879993037
TGT,AGT,0.32964206,-0.5415141096272036,-0.21187204983407648
TGT,GGT,0.398303987,-0.5415141096272036,-0.14321012361179986
TGT,CGT,0.464742726,-0.5415141096272036,-0.0767713840676801
TGT,TAT,0.182056863,-0.5415141096272036,-0.35945724736249063
TGT,TTT,0.201564276,-0.5415141096272036,-0.33994983361945175
TGT,TCT,0.443617853,-0.5415141096272036,-0.09789625737132915
TGT,TGA,-0.751018709,-0.5415141096272036,-1.292532814998729
TGT,TGG,0.239764382,-0.5415141096272036,-0.30174972866307875
TGT,TGC,0.212889891,-0.5415141096272036,-0.32862421879993037
TGG,AGG,0.288263937,-0.30174972866307875,-0.013485791392917447
TGG,GGG,0.826847549,-0.30174972866307875,0.5250978202675862
TGG,CGG,0.839576988,-0.30174972866307875,0.5378272598586664
TGG,TAG,-0.909463955,-0.30174972866307875,-1.2112136800417361
TGG,TTG,0.161427296,-0.30174972866307875,-0.14032243246696158
TGG,TCG,0.413508749,-0.30174972866307875,0.11175902094061975
TGG,TGA,-0.990783091,-0.30174972866307875,-1.292532814998729
TGG,TGT,-0.239764382,-0.30174972866307875,-0.5415141096272036
TGG,TGC,-0.026874491,-0.30174972866307875,-0.32862421879993037
TGC,AGC,0.46716133,-0.32862421879993037,0.1385371103253086
TGC,GGC,0.749673839,-0.32862421879993037,0.42104962013877484
TGC,CGC,0.742803556,-0.32862421879993037,0.4141793371024862
TGC,TAC,0.156042337,-0.32862421879993037,-0.17258188255040494
TGC,TTC,0.312066212,-0.32862421879993037,-0.016558006931241112
TGC,TCC,0.699596113,-0.32862421879993037,0.37097189347169646
TGC,TGA,-0.9639086,-0.32862421879993037,-1.292532814998729
TGC,TGT,-0.212889891,-0.32862421879993037,-0.5415141096272036
TGC,TGG,0.026874491,-0.32862421879993037,-0.30174972866307875
TCA,ACA,-0.065488867,-0.15280283165445566,-0.2182916989598761
TCA,GCA,0.286243327,-0.15280283165445566,0.13344049567114916
TCA,CCA,0.319086922,-0.15280283165445566,0.16628409056443252
TCA,TAA,-1.3867104,-0.15280283165445566,-1.5395132333829906
TCA,TTA,-0.329326729,-0.15280283165445566,-0.48212956093542947
TCA,TGA,-1.139729987,-0.15280283165445566,-1.292532814998729
TCA,TCT,0.054906574,-0.15280283165445566,-0.09789625737132915
TCA,TCG,0.264561852,-0.15280283165445566,0.11175902094061975
TCA,TCC,0.523774725,-0.15280283165445566,0.37097189347169646
TCT,ACT,-0.127933771,-0.09789625737132915,-0.22583002889583703
TCT,GCT,0.134495909,-0.09789625737132915,0.036599650951050694
TCT,CCT,0.311113415,-0.09789625737132915,0.21321715759845777
TCT,TAT,-0.26156099,-0.09789625737132915,-0.35945724736249063
TCT,TTT,-0.242053576,-0.09789625737132915,-0.33994983361945175
TCT,TGT,-0.443617853,-0.09789625737132915,-0.5415141096272036
TCT,TCA,-0.054906574,-0.09789625737132915,-0.15280283165445566
TCT,TCG,0.209655278,-0.09789625737132915,0.11175902094061975
TCT,TCC,0.468868151,-0.09789625737132915,0.37097189347169646
TCG,ACG,-0.109420328,0.11175902094061975,0.002338692988594677
TCG,GCG,0.411577381,0.11175902094061975,0.5233364017501515
TCG,CCG,0.280038835,0.11175902094061975,0.3917978556407834
TCG,TAG,-1.322972704,0.11175902094061975,-1.2112136800417361
TCG,TTG,-0.252081454,0.11175902094061975,-0.14032243246696158
TCG,TGG,-0.413508749,0.11175902094061975,-0.30174972866307875
TCG,TCA,-0.264561852,0.11175902094061975,-0.15280283165445566
TCG,TCT,-0.209655278,0.11175902094061975,-0.09789625737132915
TCG,TCC,0.259212873,0.11175902094061975,0.37097189347169646
TCC,ACC,-0.272249308,0.37097189347169646,0.09872258584265703
TCC,GCC,0.238074193,0.37097189347169646,0.6090460864543695
TCC,CCC,0.300739146,0.37097189347169646,0.6717110391645286
TCC,TAC,-0.543553776,0.37097189347169646,-0.17258188255040494
TCC,TTC,-0.3875299,0.37097189347169646,-0.016558006931241112
TCC,TGC,-0.699596113,0.37097189347169646,-0.32862421879993037
TCC,TCA,-0.523774725,0.37097189347169646,-0.15280283165445566
TCC,TCT,-0.468868151,0.37097189347169646,-0.09789625737132915
TCC,TCG,-0.259212873,0.37097189347169646,0.11175902094061975
GAA,AAA,-0.285718521,0.19086616023456138,-0.09485236068655549
GAA,TAA,-1.730379392,0.19086616023456138,-1.5395132333829906
GAA,CAA,-0.468225861,0.19086616023456138,-0.2773597012803739
GAA,GTA,-0.425324048,0.19086616023456138,-0.23445788803587603
GAA,GGA,-0.024722203,0.19086616023456138,0.16614395688965974
GAA,GCA,-0.057425664,0.19086616023456138,0.13344049567114916
GAA,GAT,-0.077059383,0.19086616023456138,0.11380677729075148
GAA,GAG,0.481043192,0.19086616023456138,0.6719093523534901
GAA,GAC,0.117451671,0.19086616023456138,0.30831783098193966
GAT,AAT,-0.300749763,0.11380677729075148,-0.18694298580130916
GAT,TAT,-0.473264024,0.11380677729075148,-0.35945724736249063
GAT,CAT,-0.314827503,0.11380677729075148,-0.20102072628433656
GAT,GTT,-0.439927146,0.11380677729075148,-0.3261203685071822
GAT,GGT,-0.257016901,0.11380677729075148,-0.14321012361179986
GAT,GCT,-0.077207126,0.11380677729075148,0.036599650951050694
GAT,GAA,0.077059383,0.11380677729075148,0.19086616023456138
GAT,GAG,0.558102575,0.11380677729075148,0.6719093523534901
GAT,GAC,0.194511054,0.11380677729075148,0.30831783098193966
GAG,AAG,-0.211472319,0.6719093523534901,0.46043703358185367
GAG,TAG,-1.883123036,0.6719093523534901,-1.2112136800417361
GAG,CAG,-0.102696862,0.6719093523534901,0.5692124901720316
GAG,GTG,-0.192773713,0.6719093523534901,0.47913563940117226
GAG,GGG,-0.146811532,0.6719093523534901,0.5250978202675862
GAG,GCG,-0.148572951,0.6719093523534901,0.5233364017501515
GAG,GAA,-0.481043192,0.6719093523534901,0.19086616023456138
GAG,GAT,-0.558102575,0.6719093523534901,0.11380677729075148
GAG,GAC,-0.363591521,0.6719093523534901,0.30831783098193966
GAC,AAC,-0.355085122,0.30831783098193966,-0.046767290839914634
GAC,TAC,-0.480899714,0.30831783098193966,-0.17258188255040494
GAC,CAC,-0.335102985,0.30831783098193966,-0.026785153454462116
GAC,GTC,-0.153790458,0.30831783098193966,0.15452737280323342
GAC,GGC,0.112731789,0.30831783098193966,0.42104962013877484
GAC,GCC,0.300728255,0.30831783098193966,0.6090460864543695
GAC,GAA,-0.117451671,0.30831783098193966,0.19086616023456138
GAC,GAT,-0.194511054,0.30831783098193966,0.11380677729075148
GAC,GAG,0.363591521,0.30831783098193966,0.6719093523534901
GTA,ATA,0.043049399,-0.23445788803587603,-0.1914084891379679
GTA,TTA,-0.247671673,-0.23445788803587603,-0.48212956093542947
GTA,CTA,0.045955926,-0.23445788803587603,-0.18850196155055624
GTA,GAA,0.425324048,-0.23445788803587603,0.19086616023456138
GTA,GGA,0.400601845,-0.23445788803587603,0.16614395688965974
GTA,GCA,0.367898384,-0.23445788803587603,0.13344049567114916
GTA,GTT,-0.091662481,-0.23445788803587603,-0.3261203685071822
GTA,GTG,0.713593528,-0.23445788803587603,0.47913563940117226
GTA,GTC,0.388985261,-0.23445788803587603,0.15452737280323342
GTT,ATT,0.210655815,-0.3261203685071822,-0.11546455441081281
GTT,TTT,-0.013829465,-0.3261203685071822,-0.33994983361945175
GTT,CTT,0.127008409,-0.3261203685071822,-0.19911196016568766
GTT,GAT,0.439927146,-0.3261203685071822,0.11380677729075148
GTT,GGT,0.182910245,-0.3261203685071822,-0.14321012361179986
GTT,GCT,0.36272002,-0.3261203685071822,0.036599650951050694
GTT,GTA,0.091662481,-0.3261203685071822,-0.23445788803587603
GTT,GTG,0.805256008,-0.3261203685071822,0.47913563940117226
GTT,GTC,0.480647742,-0.3261203685071822,0.15452737280323342
GTG,ATG,-0.205641562,0.47913563940117226,0.27349407757363386
GTG,TTG,-0.619458072,0.47913563940117226,-0.14032243246696158
GTG,CTG,0.214455301,0.47913563940117226,0.693590940092247
GTG,GAG,0.192773713,0.47913563940117226,0.6719093523534901
GTG,GGG,0.045962181,0.47913563940117226,0.5250978202675862
GTG,GCG,0.044200762,0.47913563940117226,0.5233364017501515
GTG,GTA,-0.713593528,0.47913563940117226,-0.23445788803587603
GTG,GTT,-0.805256008,0.47913563940117226,-0.3261203685071822
GTG,GTC,-0.324608267,0.47913563940117226,0.15452737280323342
GTC,ATC,0.113233629,0.15452737280323342,0.2677610019880423
GTC,TTC,-0.17108538,0.15452737280323342,-0.016558006931241112
GTC,CTC,0.244008549,0.15452737280323342,0.3985359221031928
GTC,GAC,0.153790458,0.15452737280323342,0.30831783098193966
GTC,GGC,0.266522247,0.15452737280323342,0.42104962013877484
GTC,GCC,0.454518714,0.15452737280323342,0.6090460864543695
GTC,GTA,-0.388985261,0.15452737280323342,-0.23445788803587603
GTC,GTT,-0.480647742,0.15452737280323342,-0.3261203685071822
GTC,GTG,0.324608267,0.15452737280323342,0.47913563940117226
GGA,AGA,-0.524928112,0.16614395688965974,-0.3587841553343561
GGA,TGA,-1.458676776,0.16614395688965974,-1.292532814998729
GGA,CGA,0.131122117,0.16614395688965974,0.2972660735180828
GGA,GAA,0.024722203,0.16614395688965974,0.19086616023456138
GGA,GTA,-0.400601845,0.16614395688965974,-0.23445788803587603
GGA,GCA,-0.032703461,0.16614395688965974,0.13344049567114916
GGA,GGT,-0.30935408,0.16614395688965974,-0.14321012361179986
GGA,GGG,0.358953863,0.16614395688965974,0.5250978202675862
GGA,GGC,0.254905663,0.16614395688965974,0.42104962013877484
GGT,AGT,-0.068661926,-0.14321012361179986,-0.21187204983407648
GGT,TGT,-0.398303987,-0.14321012361179986,-0.5415141096272036
GGT,CGT,0.06643874,-0.14321012361179986,-0.0767713840676801
GGT,GAT,0.257016901,-0.14321012361179986,0.11380677729075148
GGT,GTT,-0.182910245,-0.14321012361179986,-0.3261203685071822
GGT,GCT,0.179809774,-0.14321012361179986,0.036599650951050694
GGT,GGA,0.30935408,-0.14321012361179986,0.16614395688965974
GGT,GGG,0.668307944,-0.14321012361179986,0.5250978202675862
GGT,GGC,0.564259743,-0.14321012361179986,0.42104962013877484
GGG,AGG,-0.538583612,0.5250978202675862,-0.013485791392917447
GGG,TGG,-0.826847549,0.5250978202675862,-0.30174972866307875
GGG,CGG,0.01272944,0.5250978202675862,0.5378272598586664
GGG,GAG,0.146811532,0.5250978202675862,0.6719093523534901
GGG,GTG,-0.045962181,0.5250978202675862,0.47913563940117226
GGG,GCG,-0.001761419,0.5250978202675862,0.5233364017501515
GGG,GGA,-0.358953863,0.5250978202675862,0.16614395688965974
GGG,GGT,-0.668307944,0.5250978202675862,-0.14321012361179986
GGG,GGC,-0.1040482,0.5250978202675862,0.42104962013877484
GGC,AGC,-0.28251251,0.42104962013877484,0.1385371103253086
GGC,TGC,-0.749673839,0.42104962013877484,-0.32862421879993037
GGC,CGC,-0.006870283,0.42104962013877484,0.4141793371024862
GGC,GAC,-0.112731789,0.42104962013877484,0.30831783098193966
GGC,GTC,-0.266522247,0.42104962013877484,0.15452737280323342
GGC,GCC,0.187996466,0.42104962013877484,0.6090460864543695
GGC,GGA,-0.254905663,0.42104962013877484,0.16614395688965974
GGC,GGT,-0.564259743,0.42104962013877484,-0.14321012361179986
GGC,GGG,0.1040482,0.42104962013877484,0.5250978202675862
GCA,ACA,-0.351732195,0.13344049567114916,-0.2182916989598761
GCA,TCA,-0.286243327,0.13344049567114916,-0.15280283165445566
GCA,CCA,0.032843595,0.13344049567114916,0.16628409056443252
GCA,GAA,0.057425664,0.13344049567114916,0.19086616023456138
GCA,GTA,-0.367898384,0.13344049567114916,-0.23445788803587603
GCA,GGA,0.032703461,0.13344049567114916,0.16614395688965974
GCA,GCT,-0.096840845,0.13344049567114916,0.036599650951050694
GCA,GCG,0.389895906,0.13344049567114916,0.5233364017501515
GCA,GCC,0.475605591,0.13344049567114916,0.6090460864543695
GCT,ACT,-0.26242968,0.036599650951050694,-0.22583002889583703
GCT,TCT,-0.134495909,0.036599650951050694,-0.09789625737132915
GCT,CCT,0.176617506,0.036599650951050694,0.21321715759845777
GCT,GAT,0.077207126,0.036599650951050694,0.11380677729075148
GCT,GTT,-0.36272002,0.036599650951050694,-0.3261203685071822
GCT,GGT,-0.179809774,0.036599650951050694,-0.14321012361179986
GCT,GCA,0.096840845,0.036599650951050694,0.13344049567114916
GCT,GCG,0.486736751,0.036599650951050694,0.5233364017501515
GCT,GCC,0.572446435,0.036599650951050694,0.6090460864543695
GCG,ACG,-0.520997709,0.5233364017501515,0.002338692988594677
GCG,TCG,-0.411577381,0.5233364017501515,0.11175902094061975
GCG,CCG,-0.131538546,0.5233364017501515,0.3917978556407834
GCG,GAG,0.148572951,0.5233364017501515,0.6719093523534901
GCG,GTG,-0.044200762,0.5233364017501515,0.47913563940117226
GCG,GGG,0.001761419,0.5233364017501515,0.5250978202675862
GCG,GCA,-0.389895906,0.5233364017501515,0.13344049567114916
GCG,GCT,-0.486736751,0.5233364017501515,0.036599650951050694
GCG,GCC,0.085709685,0.5233364017501515,0.6090460864543695
GCC,ACC,-0.510323501,0.6090460864543695,0.09872258584265703
GCC,TCC,-0.238074193,0.6090460864543695,0.37097189347169646
GCC,CCC,0.062664953,0.6090460864543695,0.6717110391645286
GCC,GAC,-0.300728255,0.6090460864543695,0.30831783098193966
GCC,GTC,-0.454518714,0.6090460864543695,0.15452737280323342
GCC,GGC,-0.187996466,0.6090460864543695,0.42104962013877484
GCC,GCA,-0.475605591,0.6090460864543695,0.13344049567114916
GCC,GCT,-0.572446435,0.6090460864543695,0.036599650951050694
GCC,GCG,-0.085709685,0.6090460864543695,0.5233364017501515
CAA,AAA,0.18250734,-0.2773597012803739,-0.09485236068655549
CAA,TAA,-1.262153531,-0.2773597012803739,-1.5395132333829906
CAA,GAA,0.468225861,-0.2773597012803739,0.19086616023456138
CAA,CTA,0.088857739,-0.2773597012803739,-0.18850196155055624
CAA,CGA,0.574625774,-0.2773597012803739,0.2972660735180828
CAA,CCA,0.443643792,-0.2773597012803739,0.16628409056443252
CAA,CAT,0.076338975,-0.2773597012803739,-0.20102072628433656
CAA,CAG,0.846572191,-0.2773597012803739,0.5692124901720316
CAA,CAC,0.250574547,-0.2773597012803739,-0.026785153454462116
CAT,AAT,0.01407774,-0.20102072628433656,-0.18694298580130916
CAT,TAT,-0.158436521,-0.20102072628433656,-0.35945724736249063
CAT,GAT,0.314827503,-0.20102072628433656,0.11380677729075148
CAT,CTT,0.001908766,-0.20102072628433656,-0.19911196016568766
CAT,CGT,0.124249342,-0.20102072628433656,-0.0767713840676801
CAT,CCT,0.414237884,-0.20102072628433656,0.21321715759845777
CAT,CAA,-0.076338975,-0.20102072628433656,-0.2773597012803739
CAT,CAG,0.770233216,-0.20102072628433656,0.5692124901720316
CAT,CAC,0.174235572,-0.20102072628433656,-0.026785153454462116
CAG,AAG,-0.108775457,0.5692124901720316,0.46043703358185367
CAG,TAG,-1.780426174,0.5692124901720316,-1.2112136800417361
CAG,GAG,0.102696862,0.5692124901720316,0.6719093523534901
CAG,CTG,0.12437845,0.5692124901720316,0.693590940092247
CAG,CGG,-0.03138523,0.5692124901720316,0.5378272598586664
CAG,CCG,-0.177414635,0.5692124901720316,0.3917978556407834
CAG,CAA,-0.846572191,0.5692124901720316,-0.2773597012803739
CAG,CAT,-0.770233216,0.5692124901720316,-0.20102072628433656
CAG,CAC,-0.595997644,0.5692124901720316,-0.026785153454462116
CAC,AAC,-0.019982137,-0.026785153454462116,-0.046767290839914634
CAC,TAC,-0.145796729,-0.026785153454462116,-0.17258188255040494
CAC,GAC,0.335102985,-0.026785153454462116,0.30831783098193966
CAC,CTC,0.425321076,-0.026785153454462116,0.3985359221031928
CAC,CGC,0.440964491,-0.026785153454462116,0.4141793371024862
CAC,CCC,0.698496193,-0.026785153454462116,0.6717110391645286
CAC,CAA,-0.250574547,-0.026785153454462116,-0.2773597012803739
CAC,CAT,-0.174235572,-0.026785153454462116,-0.20102072628433656
CAC,CAG,0.595997644,-0.026785153454462116,0.5692124901720316
CTA,ATA,-0.002906528,-0.18850196155055624,-0.1914084891379679
CTA,TTA,-0.293627599,-0.18850196155055624,-0.48212956093542947
CTA,GTA,-0.045955926,-0.18850196155055624,-0.23445788803587603
CTA,CAA,-0.088857739,-0.18850196155055624,-0.2773597012803739
CTA,CGA,0.485768035,-0.18850196155055624,0.2972660735180828
CTA,CCA,0.354786052,-0.18850196155055624,0.16628409056443252
CTA,CTT,-0.010609998,-0.18850196155055624,-0.19911196016568766
CTA,CTG,0.882092902,-0.18850196155055624,0.693590940092247
CTA,CTC,0.587037884,-0.18850196155055624,0.3985359221031928
CTT,ATT,0.083647406,-0.19911196016568766,-0.11546455441081281
CTT,TTT,-0.140837873,-0.19911196016568766,-0.33994983361945175
CTT,GTT,-0.127008409,-0.19911196016568766,-0.3261203685071822
CTT,CAT,-0.001908766,-0.19911196016568766,-0.20102072628433656
CTT,CGT,0.122340576,-0.19911196016568766,-0.0767713840676801
CTT,CCT,0.412329118,-0.19911196016568766,0.21321715759845777
CTT,CTA,0.010609998,-0.19911196016568766,-0.18850196155055624
CTT,CTG,0.8927029,-0.19911196016568766,0.693590940092247
CTT,CTC,0.597647882,-0.19911196016568766,0.3985359221031928
CTG,ATG,-0.420096862,0.693590940092247,0.27349407757363386
CTG,TTG,-0.833913373,0.693590940092247,-0.14032243246696158
CTG,GTG,-0.214455301,0.693590940092247,0.47913563940117226
CTG,CAG,-0.12437845,0.693590940092247,0.5692124901720316
CTG,CGG,-0.15576368,0.693590940092247,0.5378272598586664
CTG,CCG,-0.301793084,0.693590940092247,0.3917978556407834
CTG,CTA,-0.882092902,0.693590940092247,-0.18850196155055624
CTG,CTT,-0.8927029,0.693590940092247,-0.19911196016568766
CTG,CTC,-0.295055018,0.693590940092247,0.3985359221031928
CTC,ATC,-0.13077492,0.3985359221031928,0.2677610019880423
CTC,TTC,-0.415093929,0.3985359221031928,-0.016558006931241112
CTC,GTC,-0.244008549,0.3985359221031928,0.15452737280323342
CTC,CAC,-0.425321076,0.3985359221031928,-0.026785153454462116
CTC,CGC,0.015643415,0.3985359221031928,0.4141793371024862
CTC,CCC,0.273175117,0.3985359221031928,0.6717110391645286
CTC,CTA,-0.587037884,0.3985359221031928,-0.18850196155055624
CTC,CTT,-0.597647882,0.3985359221031928,-0.19911196016568766
CTC,CTG,0.295055018,0.3985359221031928,0.693590940092247
CGA,AGA,-0.656050228,0.2972660735180828,-0.3587841553343561
CGA,TGA,-1.589798892,0.2972660735180828,-1.292532814998729
CGA,GGA,-0.131122117,0.2972660735180828,0.16614395688965974
CGA,CAA,-0.574625774,0.2972660735180828,-0.2773597012803739
CGA,CTA,-0.485768035,0.2972660735180828,-0.18850196155055624
CGA,CCA,-0.130981983,0.2972660735180828,0.16628409056443252
CGA,CGT,-0.374037457,0.2972660735180828,-0.0767713840676801
CGA,CGG,0.240561186,0.2972660735180828,0.5378272598586664
CGA,CGC,0.116913264,0.2972660735180828,0.4141793371024862
CGT,AGT,-0.135100666,-0.0767713840676801,-0.21187204983407648
CGT,TGT,-0.464742726,-0.0767713840676801,-0.5415141096272036
CGT,GGT,-0.06643874,-0.0767713840676801,-0.14321012361179986
CGT,CAT,-0.124249342,-0.0767713840676801,-0.20102072628433656
CGT,CTT,-0.122340576,-0.0767713840676801,-0.19911196016568766
CGT,CCT,0.289988541,-0.0767713840676801,0.21321715759845777
CGT,CGA,0.374037457,-0.0767713840676801,0.2972660735180828
CGT,CGG,0.614598644,-0.0767713840676801,0.5378272598586664
CGT,CGC,0.490950721,-0.0767713840676801,0.4141793371024862
CGG,AGG,-0.551313051,0.5378272598586664,-0.013485791392917447
CGG,TGG,-0.839576988,0.5378272598586664,-0.30174972866307875
CGG,GGG,-0.01272944,0.5378272598586664,0.5250978202675862
CGG,CAG,0.03138523,0.5378272598586664,0.5692124901720316
CGG,CTG,0.15576368,0.5378272598586664,0.693590940092247
CGG,CCG,-0.146029404,0.5378272598586664,0.3917978556407834
CGG,CGA,-0.240561186,0.5378272598586664,0.2972660735180828
CGG,CGT,-0.614598644,0.5378272598586664,-0.0767713840676801
CGG,CGC,-0.123647923,0.5378272598586664,0.4141793371024862
CGC,AGC,-0.275642227,0.4141793371024862,0.1385371103253086
CGC,TGC,-0.742803556,0.4141793371024862,-0.32862421879993037
CGC,GGC,0.006870283,0.4141793371024862,0.42104962013877484
CGC,CAC,-0.440964491,0.4141793371024862,-0.026785153454462116
CGC,CTC,-0.015643415,0.4141793371024862,0.3985359221031928
CGC,CCC,0.257531702,0.4141793371024862,0.6717110391645286
CGC,CGA,-0.116913264,0.4141793371024862,0.2972660735180828
CGC,CGT,-0.490950721,0.4141793371024862,-0.0767713840676801
CGC,CGG,0.123647923,0.4141793371024862,0.5378272598586664
CCA,ACA,-0.384575789,0.16628409056443252,-0.2182916989598761
CCA,TCA,-0.319086922,0.16628409056443252,-0.15280283165445566
CCA,GCA,-0.032843595,0.16628409056443252,0.13344049567114916
CCA,CAA,-0.443643792,0.16628409056443252,-0.2773597012803739
CCA,CTA,-0.354786052,0.16628409056443252,-0.18850196155055624
CCA,CGA,0.130981983,0.16628409056443252,0.2972660735180828
CCA,CCT,0.046933067,0.16628409056443252,0.21321715759845777
CCA,CCG,0.225513765,0.16628409056443252,0.3917978556407834
CCA,CCC,0.505426949,0.16628409056443252,0.6717110391645286
CCT,ACT,-0.439047186,0.21321715759845777,-0.22583002889583703
CCT,TCT,-0.311113415,0.21321715759845777,-0.09789625737132915
CCT,GCT,-0.176617506,0.21321715759845777,0.036599650951050694
CCT,CAT,-0.414237884,0.21321715759845777,-0.20102072628433656
CCT,CTT,-0.412329118,0.21321715759845777,-0.19911196016568766
CCT,CGT,-0.289988541,0.21321715759845777,-0.0767713840676801
CCT,CCA,-0.046933067,0.21321715759845777,0.16628409056443252
CCT,CCG,0.178580698,0.21321715759845777,0.3917978556407834
CCT,CCC,0.458493882,0.21321715759845777,0.6717110391645286
CCG,ACG,-0.389459163,0.3917978556407834,0.002338692988594677
CCG,TCG,-0.280038835,0.3917978556407834,0.11175902094061975
CCG,GCG,0.131538546,0.3917978556407834,0.5233364017501515
CCG,CAG,0.177414635,0.3917978556407834,0.5692124901720316
CCG,CTG,0.301793084,0.3917978556407834,0.693590940092247
CCG,CGG,0.146029404,0.3917978556407834,0.5378272598586664
CCG,CCA,-0.225513765,0.3917978556407834,0.16628409056443252
CCG,CCT,-0.178580698,0.3917978556407834,0.21321715759845777
CCG,CCC,0.279913183,0.3917978556407834,0.6717110391645286
CCC,ACC,-0.572988453,0.6717110391645286,0.09872258584265703
CCC,TCC,-0.300739146,0.6717110391645286,0.37097189347169646
CCC,GCC,-0.062664953,0.6717110391645286,0.6090460864543695
CCC,CAC,-0.698496193,0.6717110391645286,-0.026785153454462116
CCC,CTC,-0.273175117,0.6717110391645286,0.3985359221031928
CCC,CGC,-0.257531702,0.6717110391645286,0.4141793371024862
CCC,CCA,-0.505426949,0.6717110391645286,0.16628409056443252
CCC,CCT,-0.458493882,0.6717110391645286,0.21321715759845777
CCC,CCG,-0.279913183,0.6717110391645286,0.3917978556407834
