変異株種,ピーク期間,ピーク日付,ピーク値,総件数,ピーク期間数,全ピーク期間,ピーク年,ピーク年月,ピーク規模,パンデミック時期
B.40,2003,2020-03-01,1442,2280,1,2003,2020,2020-03,"微規模 (1,000-4,999)",初期 (2019-2020年3月)
A,2003,2020-03-01,465,1161,1,2003,2020,2020-03,"微規模 (1,000-4,999)",初期 (2019-2020年3月)
B,2003,2020-03-01,1500,6806,1,2003,2020,2020-03,"微規模 (1,000-4,999)",初期 (2019-2020年3月)
A.1,2003,2020-03-01,2132,3066,1,2003,2020,2020-03,"微規模 (1,000-4,999)",初期 (2019-2020年3月)
B.1.1.372,2004,2020-04-01,422,1355,1,2004,2020,2020-04,"微規模 (1,000-4,999)",第1波期 (2020年4-12月)
B.1.1.1,2004,2020-04-01,341,2042,1,2004,2020,2020-04,"微規模 (1,000-4,999)",第1波期 (2020年4-12月)
B.1.1.369,2004,2020-04-01,646,2219,1,2004,2020,2020-04,"微規模 (1,000-4,999)",第1波期 (2020年4-12月)
B.1.93,2004,2020-04-01,549,1037,1,2004,2020,2020-04,"微規模 (1,000-4,999)",第1波期 (2020年4-12月)
B.1,2004,2020-04-01,11718,53374,1,2004,2020,2020-04,"中規模 (10,000-49,999)",第1波期 (2020年4-12月)
B.1.1,2004,2020-04-01,6887,24434,1,2004,2020,2020-04,"小規模 (5,000-9,999)",第1波期 (2020年4-12月)
B.1.426,2005,2020-05-01,266,1019,1,2005,2020,2020-05,"微規模 (1,000-4,999)",第1波期 (2020年4-12月)
B.1.1.291,2006,2020-06-01,595,1128,1,2006,2020,2020-06,"微規模 (1,000-4,999)",第1波期 (2020年4-12月)
D.2,2007,2020-07-01,5860,11420,1,2007,2020,2020-07,"小規模 (5,000-9,999)",第1波期 (2020年4-12月)
B.1.369,2007,2020-07-01,546,3895,1,2007,2020,2020-07,"微規模 (1,000-4,999)",第1波期 (2020年4-12月)
B.1.240,2009,2020-09-01,674,4046,1,2009,2020,2020-09,"微規模 (1,000-4,999)",第1波期 (2020年4-12月)
B.1.565,2009,2020-09-01,275,1316,1,2009,2020,2020-09,"微規模 (1,000-4,999)",第1波期 (2020年4-12月)
B.1.177.11,2009,2020-09-01,428,1125,1,2009,2020,2020-09,"微規模 (1,000-4,999)",第1波期 (2020年4-12月)
B.1.177.54,2010,2020-10-01,446,1637,1,2010,2020,2020-10,"微規模 (1,000-4,999)",第1波期 (2020年4-12月)
B.1.1.311,2010,2020-10-01,999,2963,1,2010,2020,2020-10,"微規模 (1,000-4,999)",第1波期 (2020年4-12月)
B.1.177.56,2010,2020-10-01,505,1442,1,2010,2020,2020-10,"微規模 (1,000-4,999)",第1波期 (2020年4-12月)
B.1.1.307,2010,2020-10-01,957,2321,1,2010,2020,2020-10,"微規模 (1,000-4,999)",第1波期 (2020年4-12月)
B.1.36.17,2010,2020-10-01,601,2104,1,2010,2020,2020-10,"微規模 (1,000-4,999)",第1波期 (2020年4-12月)
B.1.1.37,2010,2020-10-01,1598,5280,1,2010,2020,2020-10,"微規模 (1,000-4,999)",第1波期 (2020年4-12月)
B.1.1.279,2010,2020-10-01,373,1082,1,2010,2020,2020-10,"微規模 (1,000-4,999)",第1波期 (2020年4-12月)
AD.2,2010,2020-10-01,1428,4725,1,2010,2020,2020-10,"微規模 (1,000-4,999)",第1波期 (2020年4-12月)
B.1.177.8,2010,2020-10-01,404,1394,1,2010,2020,2020-10,"微規模 (1,000-4,999)",第1波期 (2020年4-12月)
B.1.177.45,2010,2020-10-01,1674,2593,1,2010,2020,2020-10,"微規模 (1,000-4,999)",第1波期 (2020年4-12月)
B.1.582,2010,2020-10-01,235,1306,1,2010,2020,2020-10,"微規模 (1,000-4,999)",第1波期 (2020年4-12月)
B.1.177.17,2011,2020-11-01,433,1315,1,2011,2020,2020-11,"微規模 (1,000-4,999)",第1波期 (2020年4-12月)
B.1.177.16,2011,2020-11-01,505,1654,1,2011,2020,2020-11,"微規模 (1,000-4,999)",第1波期 (2020年4-12月)
B.1.177.57,2011,2020-11-01,1296,3948,1,2011,2020,2020-11,"微規模 (1,000-4,999)",第1波期 (2020年4-12月)
B.1.36,2011,2020-11-01,164,1168,1,2011,2020,2020-11,"微規模 (1,000-4,999)",第1波期 (2020年4-12月)
B.1.177.4,2011,2020-11-01,1669,4949,1,2011,2020,2020-11,"微規模 (1,000-4,999)",第1波期 (2020年4-12月)
B.1.177.87,2011,2020-11-01,492,1366,1,2011,2020,2020-11,"微規模 (1,000-4,999)",第1波期 (2020年4-12月)
B.1.1.39,2011,2020-11-01,361,1608,1,2011,2020,2020-11,"微規模 (1,000-4,999)",第1波期 (2020年4-12月)
B.1.177.15,2011,2020-11-01,508,1613,1,2011,2020,2020-11,"微規模 (1,000-4,999)",第1波期 (2020年4-12月)
B.1.177,2011,2020-11-01,14869,56223,1,2011,2020,2020-11,"中規模 (10,000-49,999)",第1波期 (2020年4-12月)
B.1.177.7,2012,2020-12-01,1738,6205,1,2012,2020,2020-12,"微規模 (1,000-4,999)",第1波期 (2020年4-12月)
B.1.595,2012,2020-12-01,309,2321,1,2012,2020,2020-12,"微規模 (1,000-4,999)",第1波期 (2020年4-12月)
B.1.177.6,2012,2020-12-01,373,1043,1,2012,2020,2020-12,"微規模 (1,000-4,999)",第1波期 (2020年4-12月)
B.1.311,2012,2020-12-01,605,2522,1,2012,2020,2020-12,"微規模 (1,000-4,999)",第1波期 (2020年4-12月)
B.1.177.44,2012,2020-12-01,447,1670,1,2012,2020,2020-12,"微規模 (1,000-4,999)",第1波期 (2020年4-12月)
B.1.232,2012,2020-12-01,575,1749,1,2012,2020,2020-12,"微規模 (1,000-4,999)",第1波期 (2020年4-12月)
B.1.1.434,2012,2020-12-01,430,1694,1,2012,2020,2020-12,"微規模 (1,000-4,999)",第1波期 (2020年4-12月)
B.1.177.65,2012,2020-12-01,828,1580,1,2012,2020,2020-12,"微規模 (1,000-4,999)",第1波期 (2020年4-12月)
B.1.561,2012,2020-12-01,680,1919,1,2012,2020,2020-12,"微規模 (1,000-4,999)",第1波期 (2020年4-12月)
B.1.1.222,2012,2020-12-01,746,3974,1,2012,2020,2020-12,"微規模 (1,000-4,999)",第1波期 (2020年4-12月)
B.1.241,2101,2021-01-01,206,1260,1,2101,2021,2021-01,"微規模 (1,000-4,999)",第2-3波期 (2021年)
B.1.258,2101,2021-01-01,1098,6308,1,2101,2021,2021-01,"微規模 (1,000-4,999)",第2-3波期 (2021年)
B.1.234,2101,2021-01-01,1096,4698,1,2101,2021,2021-01,"微規模 (1,000-4,999)",第2-3波期 (2021年)
B.1.110.3,2101,2021-01-01,220,1083,1,2101,2021,2021-01,"微規模 (1,000-4,999)",第2-3波期 (2021年)
B.1.577,2101,2021-01-01,277,1023,1,2101,2021,2021-01,"微規模 (1,000-4,999)",第2-3波期 (2021年)
B.1.160.16,2101,2021-01-01,380,1094,1,2101,2021,2021-01,"微規模 (1,000-4,999)",第2-3波期 (2021年)
B.1.1.316,2101,2021-01-01,261,1005,1,2101,2021,2021-01,"微規模 (1,000-4,999)",第2-3波期 (2021年)
B.1.160,2101,2021-01-01,3018,14701,1,2101,2021,2021-01,"微規模 (1,000-4,999)",第2-3波期 (2021年)
B.1.400,2101,2021-01-01,515,2051,1,2101,2021,2021-01,"微規模 (1,000-4,999)",第2-3波期 (2021年)
B.1.221,2101,2021-01-01,844,3549,1,2101,2021,2021-01,"微規模 (1,000-4,999)",第2-3波期 (2021年)
B.1.609,2101,2021-01-01,210,1154,1,2101,2021,2021-01,"微規模 (1,000-4,999)",第2-3波期 (2021年)
B.1.177.10,2101,2021-01-01,409,1180,1,2101,2021,2021-01,"微規模 (1,000-4,999)",第2-3波期 (2021年)
B.1.177.81,2102,2021-02-01,1019,2591,1,2102,2021,2021-02,"微規模 (1,000-4,999)",第2-3波期 (2021年)
B.1.517,2102,2021-02-01,589,1725,1,2102,2021,2021-02,"微規模 (1,000-4,999)",第2-3波期 (2021年)
B.1.177.86,2102,2021-02-01,1209,2538,1,2102,2021,2021-02,"微規模 (1,000-4,999)",第2-3波期 (2021年)
B.1.1.317,2102,2021-02-01,459,1286,1,2102,2021,2021-02,"微規模 (1,000-4,999)",第2-3波期 (2021年)
B.1.596,2102,2021-02-01,376,1395,1,2102,2021,2021-02,"微規模 (1,000-4,999)",第2-3波期 (2021年)
B.1.243,2102,2021-02-01,1687,9247,1,2102,2021,2021-02,"微規模 (1,000-4,999)",第2-3波期 (2021年)
P.2,2102,2021-02-01,478,1634,1,2102,2021,2021-02,"微規模 (1,000-4,999)",第2-3波期 (2021年)
B.1.2,2102,2021-02-01,18038,84025,1,2102,2021,2021-02,"中規模 (10,000-49,999)",第2-3波期 (2021年)
B.1.429,2103,2021-03-01,10478,31998,1,2103,2021,2021-03,"中規模 (10,000-49,999)",第2-3波期 (2021年)
B.1.525,2103,2021-03-01,791,2825,1,2103,2021,2021-03,"微規模 (1,000-4,999)",第2-3波期 (2021年)
R.1,2103,2021-03-01,1435,3112,1,2103,2021,2021-03,"微規模 (1,000-4,999)",第2-3波期 (2021年)
B.1.258.17,2103,2021-03-01,338,1183,1,2103,2021,2021-03,"微規模 (1,000-4,999)",第2-3波期 (2021年)
B.1.427,2103,2021-03-01,4669,14520,1,2103,2021,2021-03,"微規模 (1,000-4,999)",第2-3波期 (2021年)
B.1.575,2103,2021-03-01,1259,2941,1,2103,2021,2021-03,"微規模 (1,000-4,999)",第2-3波期 (2021年)
B.1.623,2103,2021-03-01,888,2083,1,2103,2021,2021-03,"微規模 (1,000-4,999)",第2-3波期 (2021年)
B.1.1.519,2103,2021-03-01,4905,13456,1,2103,2021,2021-03,"微規模 (1,000-4,999)",第2-3波期 (2021年)
B.1.351,2104,2021-04-01,2145,8923,1,2104,2021,2021-04,"微規模 (1,000-4,999)",第2-3波期 (2021年)
B.1.1.318,2104,2021-04-01,566,1859,1,2104,2021,2021-04,"微規模 (1,000-4,999)",第2-3波期 (2021年)
B.1.526,2104,2021-04-01,14559,37246,1,2104,2021,2021-04,"中規模 (10,000-49,999)",第2-3波期 (2021年)
Q.3,2104,2021-04-01,2251,5924,1,2104,2021,2021-04,"微規模 (1,000-4,999)",第2-3波期 (2021年)
P.1.17,2104,2021-04-01,1099,3581,1,2104,2021,2021-04,"微規模 (1,000-4,999)",第2-3波期 (2021年)
B.1.637,2104,2021-04-01,4324,12323,1,2104,2021,2021-04,"微規模 (1,000-4,999)",第2-3波期 (2021年)
B.1.1.7,2104,2021-04-01,161568,634209,1,2104,2021,2021-04,"超大規模 (100,000+)",第2-3波期 (2021年)
P.1.10,2104,2021-04-01,1107,3054,1,2104,2021,2021-04,"微規模 (1,000-4,999)",第2-3波期 (2021年)
P.1,2104,2021-04-01,5507,19991,1,2104,2021,2021-04,"小規模 (5,000-9,999)",第2-3波期 (2021年)
C.37,2105,2021-05-01,396,2144,1,2105,2021,2021-05,"微規模 (1,000-4,999)",第2-3波期 (2021年)
AY.9,2106,2021-06-01,5243,15256,1,2106,2021,2021-06,"小規模 (5,000-9,999)",第2-3波期 (2021年)
P.1.15,2106,2021-06-01,310,1481,1,2106,2021,2021-06,"微規模 (1,000-4,999)",第2-3波期 (2021年)
AY.10,2106,2021-06-01,620,1346,1,2106,2021,2021-06,"微規模 (1,000-4,999)",第2-3波期 (2021年)
AY.8,2106,2021-06-01,734,1725,1,2106,2021,2021-06,"微規模 (1,000-4,999)",第2-3波期 (2021年)
AY.32,2106,2021-06-01,307,1053,1,2106,2021,2021-06,"微規模 (1,000-4,999)",第2-3波期 (2021年)
AY.70,2107,2021-07-01,454,1071,1,2107,2021,2021-07,"微規模 (1,000-4,999)",第2-3波期 (2021年)
XB,2107,2021-07-01,377,1200,1,2107,2021,2021-07,"微規模 (1,000-4,999)",第2-3波期 (2021年)
AY.7,2107,2021-07-01,1366,5434,1,2107,2021,2021-07,"微規模 (1,000-4,999)",第2-3波期 (2021年)
AY.13,2107,2021-07-01,1997,5245,1,2107,2021,2021-07,"微規模 (1,000-4,999)",第2-3波期 (2021年)
B.1.621,2107,2021-07-01,1802,4753,1,2107,2021,2021-07,"微規模 (1,000-4,999)",第2-3波期 (2021年)
AY.7.1,2107,2021-07-01,3960,8769,1,2107,2021,2021-07,"微規模 (1,000-4,999)",第2-3波期 (2021年)
AY.35,2107,2021-07-01,513,1355,1,2107,2021,2021-07,"微規模 (1,000-4,999)",第2-3波期 (2021年)
AY.14,2107,2021-07-01,4118,11365,1,2107,2021,2021-07,"微規模 (1,000-4,999)",第2-3波期 (2021年)
AY.67,2107,2021-07-01,807,1967,1,2107,2021,2021-07,"微規模 (1,000-4,999)",第2-3波期 (2021年)
AY.2,2107,2021-07-01,1165,2657,1,2107,2021,2021-07,"微規模 (1,000-4,999)",第2-3波期 (2021年)
B.1.621.1,2107,2021-07-01,397,1137,1,2107,2021,2021-07,"微規模 (1,000-4,999)",第2-3波期 (2021年)
AY.48,2107,2021-07-01,688,1509,1,2107,2021,2021-07,"微規模 (1,000-4,999)",第2-3波期 (2021年)
AY.114,2108,2021-08-01,1191,4515,1,2108,2021,2021-08,"微規模 (1,000-4,999)",第2-3波期 (2021年)
AY.9.2,2108,2021-08-01,4209,19696,1,2108,2021,2021-08,"微規模 (1,000-4,999)",第2-3波期 (2021年)
AY.20,2108,2021-08-01,5310,21171,1,2108,2021,2021-08,"小規模 (5,000-9,999)",第2-3波期 (2021年)
AY.41,2108,2021-08-01,478,1456,1,2108,2021,2021-08,"微規模 (1,000-4,999)",第2-3波期 (2021年)
AY.44,2108,2021-08-01,46307,214379,1,2108,2021,2021-08,"中規模 (10,000-49,999)",第2-3波期 (2021年)
AY.29,2108,2021-08-01,815,1332,1,2108,2021,2021-08,"微規模 (1,000-4,999)",第2-3波期 (2021年)
AY.6,2108,2021-08-01,6143,28528,1,2108,2021,2021-08,"小規模 (5,000-9,999)",第2-3波期 (2021年)
AY.45,2108,2021-08-01,309,1197,1,2108,2021,2021-08,"微規模 (1,000-4,999)",第2-3波期 (2021年)
AY.116.1,2108,2021-08-01,1109,3884,1,2108,2021,2021-08,"微規模 (1,000-4,999)",第2-3波期 (2021年)
AY.47,2108,2021-08-01,10670,33620,1,2108,2021,2021-08,"中規模 (10,000-49,999)",第2-3波期 (2021年)
AY.110,2108,2021-08-01,1205,3293,1,2108,2021,2021-08,"微規模 (1,000-4,999)",第2-3波期 (2021年)
AY.26,2108,2021-08-01,10847,34299,1,2108,2021,2021-08,"中規模 (10,000-49,999)",第2-3波期 (2021年)
AY.37,2108,2021-08-01,673,1984,1,2108,2021,2021-08,"微規模 (1,000-4,999)",第2-3波期 (2021年)
AY.90,2108,2021-08-01,402,1980,1,2108,2021,2021-08,"微規模 (1,000-4,999)",第2-3波期 (2021年)
AY.5,2108,2021-08-01,9969,52084,1,2108,2021,2021-08,"小規模 (5,000-9,999)",第2-3波期 (2021年)
AY.25.1,2108,2021-08-01,12127,58651,1,2108,2021,2021-08,"中規模 (10,000-49,999)",第2-3波期 (2021年)
B.1.617.2,2108,2021-08-01,19382,102633,1,2108,2021,2021-08,"中規模 (10,000-49,999)",第2-3波期 (2021年)
AY.25,2108,2021-08-01,25936,121139,1,2108,2021,2021-08,"中規模 (10,000-49,999)",第2-3波期 (2021年)
AY.120,2108,2021-08-01,5411,30351,1,2108,2021,2021-08,"小規模 (5,000-9,999)",第2-3波期 (2021年)
AY.120.1,2108,2021-08-01,852,3273,1,2108,2021,2021-08,"微規模 (1,000-4,999)",第2-3波期 (2021年)
AY.62,2108,2021-08-01,541,1628,1,2108,2021,2021-08,"微規模 (1,000-4,999)",第2-3波期 (2021年)
AY.57,2108,2021-08-01,460,1422,1,2108,2021,2021-08,"微規模 (1,000-4,999)",第2-3波期 (2021年)
AY.54,2108,2021-08-01,3545,10976,1,2108,2021,2021-08,"微規模 (1,000-4,999)",第2-3波期 (2021年)
AY.42,2108,2021-08-01,3193,11612,1,2108,2021,2021-08,"微規模 (1,000-4,999)",第2-3波期 (2021年)
AY.125,2108,2021-08-01,2493,11641,1,2108,2021,2021-08,"微規模 (1,000-4,999)",第2-3波期 (2021年)
AY.16,2108,2021-08-01,488,1351,1,2108,2021,2021-08,"微規模 (1,000-4,999)",第2-3波期 (2021年)
AY.1,2108,2021-08-01,676,2648,1,2108,2021,2021-08,"微規模 (1,000-4,999)",第2-3波期 (2021年)
AY.64,2108,2021-08-01,463,1699,1,2108,2021,2021-08,"微規模 (1,000-4,999)",第2-3波期 (2021年)
AY.5.4,2108,2021-08-01,290,1039,1,2108,2021,2021-08,"微規模 (1,000-4,999)",第2-3波期 (2021年)
AY.112,2108,2021-08-01,689,2515,1,2108,2021,2021-08,"微規模 (1,000-4,999)",第2-3波期 (2021年)
AY.3.1,2108,2021-08-01,3632,14091,1,2108,2021,2021-08,"微規模 (1,000-4,999)",第2-3波期 (2021年)
AY.75,2108,2021-08-01,5767,17280,1,2108,2021,2021-08,"小規模 (5,000-9,999)",第2-3波期 (2021年)
AY.4.7,2108,2021-08-01,471,1038,1,2108,2021,2021-08,"微規模 (1,000-4,999)",第2-3波期 (2021年)
AY.23,2108,2021-08-01,478,1674,1,2108,2021,2021-08,"微規模 (1,000-4,999)",第2-3波期 (2021年)
AY.118,2108,2021-08-01,4831,18012,1,2108,2021,2021-08,"微規模 (1,000-4,999)",第2-3波期 (2021年)
AY.120.2.1,2108,2021-08-01,734,1416,1,2108,2021,2021-08,"微規模 (1,000-4,999)",第2-3波期 (2021年)
AY.4.3,2109,2021-09-01,434,2141,1,2109,2021,2021-09,"微規模 (1,000-4,999)",第2-3波期 (2021年)
AY.33,2109,2021-09-01,2277,9428,1,2109,2021,2021-09,"微規模 (1,000-4,999)",第2-3波期 (2021年)
AY.99.2,2109,2021-09-01,1357,4836,1,2109,2021,2021-09,"微規模 (1,000-4,999)",第2-3波期 (2021年)
AY.5.3,2109,2021-09-01,541,1940,1,2109,2021,2021-09,"微規模 (1,000-4,999)",第2-3波期 (2021年)
AY.46.4,2109,2021-09-01,1248,5077,1,2109,2021,2021-09,"微規模 (1,000-4,999)",第2-3波期 (2021年)
AY.39.1,2109,2021-09-01,1597,6759,1,2109,2021,2021-09,"微規模 (1,000-4,999)",第2-3波期 (2021年)
AY.4.4,2109,2021-09-01,414,1313,1,2109,2021,2021-09,"微規模 (1,000-4,999)",第2-3波期 (2021年)
AY.3,2109,2021-09-01,29804,142179,1,2109,2021,2021-09,"中規模 (10,000-49,999)",第2-3波期 (2021年)
AY.84,2109,2021-09-01,358,1279,1,2109,2021,2021-09,"微規模 (1,000-4,999)",第2-3波期 (2021年)
AY.4.1,2109,2021-09-01,527,1575,1,2109,2021,2021-09,"微規模 (1,000-4,999)",第2-3波期 (2021年)
AY.39.1.1,2110,2021-10-01,1463,4733,1,2110,2021,2021-10,"微規模 (1,000-4,999)",第2-3波期 (2021年)
AY.107,2110,2021-10-01,670,3251,1,2110,2021,2021-10,"微規模 (1,000-4,999)",第2-3波期 (2021年)
AY.65,2110,2021-10-01,326,1321,1,2110,2021,2021-10,"微規模 (1,000-4,999)",第2-3波期 (2021年)
AY.80,2110,2021-10-01,485,1146,1,2110,2021,2021-10,"微規模 (1,000-4,999)",第2-3波期 (2021年)
AY.43.8,2111,2021-11-01,480,1736,1,2111,2021,2021-11,"微規模 (1,000-4,999)",第2-3波期 (2021年)
AY.109,2111,2021-11-01,344,1161,1,2111,2021,2021-11,"微規模 (1,000-4,999)",第2-3波期 (2021年)
AY.4.15,2111,2021-11-01,660,1325,1,2111,2021,2021-11,"微規模 (1,000-4,999)",第2-3波期 (2021年)
AY.124,2111,2021-11-01,412,2099,1,2111,2021,2021-11,"微規模 (1,000-4,999)",第2-3波期 (2021年)
AY.34.1,2111,2021-11-01,1229,3860,1,2111,2021,2021-11,"微規模 (1,000-4,999)",第2-3波期 (2021年)
AY.4.2.3,2111,2021-11-01,1603,3493,1,2111,2021,2021-11,"微規模 (1,000-4,999)",第2-3波期 (2021年)
AY.4.5,2111,2021-11-01,1126,3303,1,2111,2021,2021-11,"微規模 (1,000-4,999)",第2-3波期 (2021年)
AY.46.1,2111,2021-11-01,337,1266,1,2111,2021,2021-11,"微規模 (1,000-4,999)",第2-3波期 (2021年)
AY.43.4,2111,2021-11-01,1537,3023,1,2111,2021,2021-11,"微規模 (1,000-4,999)",第2-3波期 (2021年)
AY.4.9,2111,2021-11-01,741,1883,1,2111,2021,2021-11,"微規模 (1,000-4,999)",第2-3波期 (2021年)
AY.4.10,2111,2021-11-01,883,1484,1,2111,2021,2021-11,"微規模 (1,000-4,999)",第2-3波期 (2021年)
AY.4,2111,2021-11-01,151659,834876,1,2111,2021,2021-11,"超大規模 (100,000+)",第2-3波期 (2021年)
AY.39,2111,2021-11-01,9362,41937,1,2111,2021,2021-11,"小規模 (5,000-9,999)",第2-3波期 (2021年)
AY.46.5,2111,2021-11-01,3995,13940,1,2111,2021,2021-11,"微規模 (1,000-4,999)",第2-3波期 (2021年)
AY.43,2111,2021-11-01,37395,130093,1,2111,2021,2021-11,"中規模 (10,000-49,999)",第2-3波期 (2021年)
AY.98,2111,2021-11-01,10474,43769,1,2111,2021,2021-11,"中規模 (10,000-49,999)",第2-3波期 (2021年)
AY.43.6,2111,2021-11-01,2632,6121,1,2111,2021,2021-11,"微規模 (1,000-4,999)",第2-3波期 (2021年)
AY.117,2111,2021-11-01,3426,13407,1,2111,2021,2021-11,"微規模 (1,000-4,999)",第2-3波期 (2021年)
AY.4.6,2111,2021-11-01,3837,11673,1,2111,2021,2021-11,"微規模 (1,000-4,999)",第2-3波期 (2021年)
AY.98.1,2111,2021-11-01,3379,14223,1,2111,2021,2021-11,"微規模 (1,000-4,999)",第2-3波期 (2021年)
AY.127,2111,2021-11-01,4225,11413,1,2111,2021,2021-11,"微規模 (1,000-4,999)",第2-3波期 (2021年)
AY.119.2,2111,2021-11-01,2363,9622,1,2111,2021,2021-11,"微規模 (1,000-4,999)",第2-3波期 (2021年)
AY.122.3,2111,2021-11-01,513,1056,1,2111,2021,2021-11,"微規模 (1,000-4,999)",第2-3波期 (2021年)
AY.122,2111,2021-11-01,23534,96351,1,2111,2021,2021-11,"中規模 (10,000-49,999)",第2-3波期 (2021年)
AY.4.2,2111,2021-11-01,32485,89083,1,2111,2021,2021-11,"中規模 (10,000-49,999)",第2-3波期 (2021年)
AY.100,2111,2021-11-01,16148,67954,1,2111,2021,2021-11,"中規模 (10,000-49,999)",第2-3波期 (2021年)
AY.113,2111,2021-11-01,1780,8147,1,2111,2021,2021-11,"微規模 (1,000-4,999)",第2-3波期 (2021年)
AY.129,2111,2021-11-01,2386,9889,1,2111,2021,2021-11,"微規模 (1,000-4,999)",第2-3波期 (2021年)
AY.121,2111,2021-11-01,4511,14887,1,2111,2021,2021-11,"微規模 (1,000-4,999)",第2-3波期 (2021年)
AY.111,2111,2021-11-01,2367,7801,1,2111,2021,2021-11,"微規模 (1,000-4,999)",第2-3波期 (2021年)
AY.4.8,2111,2021-11-01,1557,4672,1,2111,2021,2021-11,"微規模 (1,000-4,999)",第2-3波期 (2021年)
AY.34,2111,2021-11-01,1540,5687,1,2111,2021,2021-11,"微規模 (1,000-4,999)",第2-3波期 (2021年)
AY.25.3,2111,2021-11-01,292,1129,1,2111,2021,2021-11,"微規模 (1,000-4,999)",第2-3波期 (2021年)
AY.46,2111,2021-11-01,1212,5455,1,2111,2021,2021-11,"微規模 (1,000-4,999)",第2-3波期 (2021年)
AY.103,2111,2021-11-01,56458,247041,1,2111,2021,2021-11,"大規模 (50,000-99,999)",第2-3波期 (2021年)
AY.126,2111,2021-11-01,7330,24179,1,2111,2021,2021-11,"小規模 (5,000-9,999)",第2-3波期 (2021年)
AY.4.2.2,2111,2021-11-01,11836,30288,1,2111,2021,2021-11,"中規模 (10,000-49,999)",第2-3波期 (2021年)
AY.46.6,2111,2021-11-01,3933,14940,1,2111,2021,2021-11,"微規模 (1,000-4,999)",第2-3波期 (2021年)
AY.4.2.1,2111,2021-11-01,8115,18881,1,2111,2021,2021-11,"小規模 (5,000-9,999)",第2-3波期 (2021年)
AY.119,2111,2021-11-01,6308,30812,1,2111,2021,2021-11,"小規模 (5,000-9,999)",第2-3波期 (2021年)
AY.36.1,2112,2021-12-01,1141,2038,1,2112,2021,2021-12,"微規模 (1,000-4,999)",第2-3波期 (2021年)
AY.121.1,2112,2021-12-01,804,1952,1,2112,2021,2021-12,"微規模 (1,000-4,999)",第2-3波期 (2021年)
B.1.1.529,2112,2021-12-01,2160,6290,1,2112,2021,2021-12,"微規模 (1,000-4,999)",第2-3波期 (2021年)
AY.36,2112,2021-12-01,2272,8963,1,2112,2021,2021-12,"微規模 (1,000-4,999)",第2-3波期 (2021年)
BA.1.19,2201,2022-01-01,1283,2429,1,2201,2022,2022-01,"微規模 (1,000-4,999)",オミクロン期 (2022年)
BA.1.15.1,2201,2022-01-01,21422,44932,1,2201,2022,2022-01,"中規模 (10,000-49,999)",オミクロン期 (2022年)
BA.1.1.14,2201,2022-01-01,6346,15868,1,2201,2022,2022-01,"小規模 (5,000-9,999)",オミクロン期 (2022年)
BA.1.1.13,2201,2022-01-01,4043,9531,1,2201,2022,2022-01,"微規模 (1,000-4,999)",オミクロン期 (2022年)
BA.1.18,2201,2022-01-01,13835,30045,1,2201,2022,2022-01,"中規模 (10,000-49,999)",オミクロン期 (2022年)
BA.1.1.18,2201,2022-01-01,31474,58166,1,2201,2022,2022-01,"中規模 (10,000-49,999)",オミクロン期 (2022年)
unclassifiable,2201,2022-01-01,7653,74299,1,2201,2022,2022-01,"小規模 (5,000-9,999)",オミクロン期 (2022年)
BA.1.1.15,2201,2022-01-01,6238,15421,1,2201,2022,2022-01,"小規模 (5,000-9,999)",オミクロン期 (2022年)
BA.1.10,2201,2022-01-01,1022,2243,1,2201,2022,2022-01,"微規模 (1,000-4,999)",オミクロン期 (2022年)
BA.1.12,2201,2022-01-01,1636,2954,1,2201,2022,2022-01,"微規模 (1,000-4,999)",オミクロン期 (2022年)
BA.1.20,2201,2022-01-01,11799,25509,1,2201,2022,2022-01,"中規模 (10,000-49,999)",オミクロン期 (2022年)
BA.1.17,2201,2022-01-01,13498,26213,1,2201,2022,2022-01,"中規模 (10,000-49,999)",オミクロン期 (2022年)
BA.1.16,2201,2022-01-01,7537,15188,1,2201,2022,2022-01,"小規模 (5,000-9,999)",オミクロン期 (2022年)
BA.1.15,2201,2022-01-01,58791,123196,1,2201,2022,2022-01,"大規模 (50,000-99,999)",オミクロン期 (2022年)
BA.1.17.2,2201,2022-01-01,90101,180906,1,2201,2022,2022-01,"大規模 (50,000-99,999)",オミクロン期 (2022年)
BA.1.13,2201,2022-01-01,577,1283,1,2201,2022,2022-01,"微規模 (1,000-4,999)",オミクロン期 (2022年)
BA.1.21,2201,2022-01-01,719,1608,1,2201,2022,2022-01,"微規模 (1,000-4,999)",オミクロン期 (2022年)
BA.1.1.11,2201,2022-01-01,1916,3666,1,2201,2022,2022-01,"微規模 (1,000-4,999)",オミクロン期 (2022年)
BA.1.15.2,2201,2022-01-01,704,1760,1,2201,2022,2022-01,"微規模 (1,000-4,999)",オミクロン期 (2022年)
BA.1.1.12,2201,2022-01-01,1985,4714,1,2201,2022,2022-01,"微規模 (1,000-4,999)",オミクロン期 (2022年)
BA.1.14,2201,2022-01-01,1610,3235,1,2201,2022,2022-01,"微規模 (1,000-4,999)",オミクロン期 (2022年)
BA.1.1,2201,2022-01-01,290819,686031,1,2201,2022,2022-01,"超大規模 (100,000+)",オミクロン期 (2022年)
BA.1.1.2,2201,2022-01-01,2930,6633,1,2201,2022,2022-01,"微規模 (1,000-4,999)",オミクロン期 (2022年)
BA.1,2201,2022-01-01,153562,316762,1,2201,2022,2022-01,"超大規模 (100,000+)",オミクロン期 (2022年)
BA.1.1.9,2202,2022-02-01,903,1594,1,2202,2022,2022-02,"微規模 (1,000-4,999)",オミクロン期 (2022年)
BD.1,2202,2022-02-01,2850,6530,1,2202,2022,2022-02,"微規模 (1,000-4,999)",オミクロン期 (2022年)
BA.1.1.4,2202,2022-02-01,886,1993,1,2202,2022,2022-02,"微規模 (1,000-4,999)",オミクロン期 (2022年)
BA.1.1.1,2202,2022-02-01,10644,24781,1,2202,2022,2022-02,"中規模 (10,000-49,999)",オミクロン期 (2022年)
BA.1.1.10,2202,2022-02-01,495,1260,1,2202,2022,2022-02,"微規模 (1,000-4,999)",オミクロン期 (2022年)
BA.2.5,2203,2022-03-01,663,1643,1,2203,2022,2022-03,"微規模 (1,000-4,999)",オミクロン期 (2022年)
BA.2.14,2203,2022-03-01,506,1397,1,2203,2022,2022-03,"微規模 (1,000-4,999)",オミクロン期 (2022年)
BA.2.23,2203,2022-03-01,6878,15451,1,2203,2022,2022-03,"小規模 (5,000-9,999)",オミクロン期 (2022年)
BA.2,2203,2022-03-01,348219,795621,1,2203,2022,2022-03,"超大規模 (100,000+)",オミクロン期 (2022年)
BA.2.41,2203,2022-03-01,546,1485,1,2203,2022,2022-03,"微規模 (1,000-4,999)",オミクロン期 (2022年)
BA.2.22,2203,2022-03-01,1119,2022,1,2203,2022,2022-03,"微規模 (1,000-4,999)",オミクロン期 (2022年)
BA.2.1,2203,2022-03-01,7959,14862,1,2203,2022,2022-03,"小規模 (5,000-9,999)",オミクロン期 (2022年)
BA.2.10,2203,2022-03-01,11814,28112,1,2203,2022,2022-03,"中規模 (10,000-49,999)",オミクロン期 (2022年)
BA.2.9,2203,2022-03-01,49564,130319,1,2203,2022,2022-03,"中規模 (10,000-49,999)",オミクロン期 (2022年)
BA.2.8,2203,2022-03-01,4347,7476,1,2203,2022,2022-03,"微規模 (1,000-4,999)",オミクロン期 (2022年)
BA.2.37,2203,2022-03-01,3046,6074,1,2203,2022,2022-03,"微規模 (1,000-4,999)",オミクロン期 (2022年)
BA.2.10.1,2203,2022-03-01,1152,2885,1,2203,2022,2022-03,"微規模 (1,000-4,999)",オミクロン期 (2022年)
XE,2203,2022-03-01,1316,2677,1,2203,2022,2022-03,"微規模 (1,000-4,999)",オミクロン期 (2022年)
BA.2.3,2203,2022-03-01,17568,47208,1,2203,2022,2022-03,"中規模 (10,000-49,999)",オミクロン期 (2022年)
BA.2.12,2204,2022-04-01,1314,4276,1,2204,2022,2022-04,"微規模 (1,000-4,999)",オミクロン期 (2022年)
BA.2.7,2204,2022-04-01,1219,3490,1,2204,2022,2022-04,"微規模 (1,000-4,999)",オミクロン期 (2022年)
BA.2.3.17,2204,2022-04-01,487,1709,1,2204,2022,2022-04,"微規模 (1,000-4,999)",オミクロン期 (2022年)
BA.2.47,2204,2022-04-01,409,1099,1,2204,2022,2022-04,"微規模 (1,000-4,999)",オミクロン期 (2022年)
BA.2.13,2205,2022-05-01,918,2193,1,2205,2022,2022-05,"微規模 (1,000-4,999)",オミクロン期 (2022年)
BA.2.9.3,2205,2022-05-01,434,1469,1,2205,2022,2022-05,"微規模 (1,000-4,999)",オミクロン期 (2022年)
BA.2.65,2205,2022-05-01,563,1443,1,2205,2022,2022-05,"微規模 (1,000-4,999)",オミクロン期 (2022年)
BA.2.12.1,2205,2022-05-01,72923,170866,1,2205,2022,2022-05,"大規模 (50,000-99,999)",オミクロン期 (2022年)
BA.2.18,2205,2022-05-01,2351,7771,1,2205,2022,2022-05,"微規模 (1,000-4,999)",オミクロン期 (2022年)
BA.2.48,2205,2022-05-01,570,1358,1,2205,2022,2022-05,"微規模 (1,000-4,999)",オミクロン期 (2022年)
BA.2.36,2205,2022-05-01,1748,5217,1,2205,2022,2022-05,"微規模 (1,000-4,999)",オミクロン期 (2022年)
BA.2.38,2205,2022-05-01,533,1562,1,2205,2022,2022-05,"微規模 (1,000-4,999)",オミクロン期 (2022年)
BA.4.1,2206,2022-06-01,12620,32580,1,2206,2022,2022-06,"中規模 (10,000-49,999)",オミクロン期 (2022年)
BA.4.1.1,2206,2022-06-01,751,1770,1,2206,2022,2022-06,"微規模 (1,000-4,999)",オミクロン期 (2022年)
BA.2.56,2206,2022-06-01,574,1940,1,2206,2022,2022-06,"微規模 (1,000-4,999)",オミクロン期 (2022年)
BA.4,2206,2022-06-01,8485,19946,1,2206,2022,2022-06,"小規模 (5,000-9,999)",オミクロン期 (2022年)
BF.2,2206,2022-06-01,314,1036,1,2206,2022,2022-06,"微規模 (1,000-4,999)",オミクロン期 (2022年)
BG.5,2206,2022-06-01,481,1054,1,2206,2022,2022-06,"微規模 (1,000-4,999)",オミクロン期 (2022年)
BF.1,2206,2022-06-01,2389,5841,1,2206,2022,2022-06,"微規模 (1,000-4,999)",オミクロン期 (2022年)
BA.5.3,2206,2022-06-01,838,2029,1,2206,2022,2022-06,"微規模 (1,000-4,999)",オミクロン期 (2022年)
BA.5.3.2,2206,2022-06-01,906,1694,1,2206,2022,2022-06,"微規模 (1,000-4,999)",オミクロン期 (2022年)
BA.5.1,2207,2022-07-01,31525,97298,1,2207,2022,2022-07,"中規模 (10,000-49,999)",オミクロン期 (2022年)
BA.5.5,2207,2022-07-01,14339,37484,1,2207,2022,2022-07,"中規模 (10,000-49,999)",オミクロン期 (2022年)
BA.5.2.1,2207,2022-07-01,36606,125213,1,2207,2022,2022-07,"中規模 (10,000-49,999)",オミクロン期 (2022年)
BE.1.4,2207,2022-07-01,544,1717,1,2207,2022,2022-07,"微規模 (1,000-4,999)",オミクロン期 (2022年)
BE.1.1,2207,2022-07-01,10474,31065,1,2207,2022,2022-07,"中規模 (10,000-49,999)",オミクロン期 (2022年)
BA.5.2,2207,2022-07-01,20421,88430,1,2207,2022,2022-07,"中規模 (10,000-49,999)",オミクロン期 (2022年)
BA.5.3.3,2207,2022-07-01,707,2053,1,2207,2022,2022-07,"微規模 (1,000-4,999)",オミクロン期 (2022年)
BF.21,2207,2022-07-01,1637,4283,1,2207,2022,2022-07,"微規模 (1,000-4,999)",オミクロン期 (2022年)
BA.5.2.2,2207,2022-07-01,487,1136,1,2207,2022,2022-07,"微規模 (1,000-4,999)",オミクロン期 (2022年)
BA.5.1.23,2207,2022-07-01,2012,6673,1,2207,2022,2022-07,"微規模 (1,000-4,999)",オミクロン期 (2022年)
BA.5.1.22,2207,2022-07-01,3007,8583,1,2207,2022,2022-07,"微規模 (1,000-4,999)",オミクロン期 (2022年)
BA.5.1.10,2207,2022-07-01,1710,6610,1,2207,2022,2022-07,"微規模 (1,000-4,999)",オミクロン期 (2022年)
BA.4.2,2207,2022-07-01,1126,2830,1,2207,2022,2022-07,"微規模 (1,000-4,999)",オミクロン期 (2022年)
BF.8,2207,2022-07-01,1114,3413,1,2207,2022,2022-07,"微規模 (1,000-4,999)",オミクロン期 (2022年)
BA.5.1.3,2207,2022-07-01,1924,6061,1,2207,2022,2022-07,"微規模 (1,000-4,999)",オミクロン期 (2022年)
BA.5.3.1,2207,2022-07-01,607,2701,1,2207,2022,2022-07,"微規模 (1,000-4,999)",オミクロン期 (2022年)
BE.3,2207,2022-07-01,2111,5711,1,2207,2022,2022-07,"微規模 (1,000-4,999)",オミクロン期 (2022年)
BA.5.1.25,2207,2022-07-01,832,2651,1,2207,2022,2022-07,"微規模 (1,000-4,999)",オミクロン期 (2022年)
BA.5.1.24,2207,2022-07-01,1422,3600,1,2207,2022,2022-07,"微規模 (1,000-4,999)",オミクロン期 (2022年)
BA.5.1.1,2207,2022-07-01,2537,7249,1,2207,2022,2022-07,"微規模 (1,000-4,999)",オミクロン期 (2022年)
BA.5,2207,2022-07-01,4253,14348,1,2207,2022,2022-07,"微規模 (1,000-4,999)",オミクロン期 (2022年)
BE.1.1.2,2207,2022-07-01,889,3784,1,2207,2022,2022-07,"微規模 (1,000-4,999)",オミクロン期 (2022年)
BE.1,2207,2022-07-01,5434,14476,1,2207,2022,2022-07,"小規模 (5,000-9,999)",オミクロン期 (2022年)
BF.6,2207,2022-07-01,606,1372,1,2207,2022,2022-07,"微規模 (1,000-4,999)",オミクロン期 (2022年)
BA.4.4,2207,2022-07-01,1694,4324,1,2207,2022,2022-07,"微規模 (1,000-4,999)",オミクロン期 (2022年)
BF.4,2207,2022-07-01,736,2361,1,2207,2022,2022-07,"微規模 (1,000-4,999)",オミクロン期 (2022年)
BF.28,2207,2022-07-01,2003,5153,1,2207,2022,2022-07,"微規模 (1,000-4,999)",オミクロン期 (2022年)
BA.5.2.3,2207,2022-07-01,1571,4852,1,2207,2022,2022-07,"微規模 (1,000-4,999)",オミクロン期 (2022年)
BA.5.6,2207,2022-07-01,8923,23350,1,2207,2022,2022-07,"小規模 (5,000-9,999)",オミクロン期 (2022年)
BF.27,2207,2022-07-01,1415,4490,1,2207,2022,2022-07,"微規模 (1,000-4,999)",オミクロン期 (2022年)
BA.5.1.2,2207,2022-07-01,1115,3709,1,2207,2022,2022-07,"微規模 (1,000-4,999)",オミクロン期 (2022年)
BA.5.8,2207,2022-07-01,1259,3096,1,2207,2022,2022-07,"微規模 (1,000-4,999)",オミクロン期 (2022年)
BK.1,2208,2022-08-01,316,1194,1,2208,2022,2022-08,"微規模 (1,000-4,999)",オミクロン期 (2022年)
BA.5.2.21,2208,2022-08-01,1351,5299,1,2208,2022,2022-08,"微規模 (1,000-4,999)",オミクロン期 (2022年)
BA.5.2.22,2208,2022-08-01,467,1644,1,2208,2022,2022-08,"微規模 (1,000-4,999)",オミクロン期 (2022年)
BF.26,2208,2022-08-01,1547,7025,1,2208,2022,2022-08,"微規模 (1,000-4,999)",オミクロン期 (2022年)
BA.5.1.30,2208,2022-08-01,2275,7885,1,2208,2022,2022-08,"微規模 (1,000-4,999)",オミクロン期 (2022年)
BF.5,2208,2022-08-01,3166,13644,1,2208,2022,2022-08,"微規模 (1,000-4,999)",オミクロン期 (2022年)
BA.5.1.6,2208,2022-08-01,638,1948,1,2208,2022,2022-08,"微規模 (1,000-4,999)",オミクロン期 (2022年)
BA.5.2.9,2208,2022-08-01,2845,10154,1,2208,2022,2022-08,"微規模 (1,000-4,999)",オミクロン期 (2022年)
BF.10,2208,2022-08-01,3510,13556,1,2208,2022,2022-08,"微規模 (1,000-4,999)",オミクロン期 (2022年)
BF.24,2208,2022-08-01,592,1984,1,2208,2022,2022-08,"微規模 (1,000-4,999)",オミクロン期 (2022年)
BA.4.1.8,2208,2022-08-01,352,1366,1,2208,2022,2022-08,"微規模 (1,000-4,999)",オミクロン期 (2022年)
BA.4.6,2209,2022-09-01,8132,29944,1,2209,2022,2022-09,"小規模 (5,000-9,999)",オミクロン期 (2022年)
BA.5.2.20,2209,2022-09-01,2190,8842,1,2209,2022,2022-09,"微規模 (1,000-4,999)",オミクロン期 (2022年)
BA.5.2.27,2209,2022-09-01,285,1244,1,2209,2022,2022-09,"微規模 (1,000-4,999)",オミクロン期 (2022年)
BA.5.5.1,2209,2022-09-01,372,1446,1,2209,2022,2022-09,"微規模 (1,000-4,999)",オミクロン期 (2022年)
BA.5.2.31,2209,2022-09-01,287,1076,1,2209,2022,2022-09,"微規模 (1,000-4,999)",オミクロン期 (2022年)
BA.4.6.5,2209,2022-09-01,700,2427,1,2209,2022,2022-09,"微規模 (1,000-4,999)",オミクロン期 (2022年)
BA.5.2.28,2209,2022-09-01,356,1418,1,2209,2022,2022-09,"微規模 (1,000-4,999)",オミクロン期 (2022年)
BA.5.2.7,2210,2022-10-01,421,1148,1,2210,2022,2022-10,"微規模 (1,000-4,999)",オミクロン期 (2022年)
BA.5.2.18,2210,2022-10-01,363,1037,1,2210,2022,2022-10,"微規模 (1,000-4,999)",オミクロン期 (2022年)
BA.2.75.2,2210,2022-10-01,676,1532,1,2210,2022,2022-10,"微規模 (1,000-4,999)",オミクロン期 (2022年)
BF.7.6,2210,2022-10-01,487,1601,1,2210,2022,2022-10,"微規模 (1,000-4,999)",オミクロン期 (2022年)
BA.5.1.18,2210,2022-10-01,392,1554,1,2210,2022,2022-10,"微規模 (1,000-4,999)",オミクロン期 (2022年)
BA.5.1.12,2210,2022-10-01,334,1200,1,2210,2022,2022-10,"微規模 (1,000-4,999)",オミクロン期 (2022年)
BF.13,2210,2022-10-01,382,1301,1,2210,2022,2022-10,"微規模 (1,000-4,999)",オミクロン期 (2022年)
BF.7.20,2210,2022-10-01,439,1095,1,2210,2022,2022-10,"微規模 (1,000-4,999)",オミクロン期 (2022年)
BA.5.2.26,2210,2022-10-01,397,1509,1,2210,2022,2022-10,"微規模 (1,000-4,999)",オミクロン期 (2022年)
BF.14,2210,2022-10-01,813,2557,1,2210,2022,2022-10,"微規模 (1,000-4,999)",オミクロン期 (2022年)
BF.7.5,2210,2022-10-01,1020,2952,1,2210,2022,2022-10,"微規模 (1,000-4,999)",オミクロン期 (2022年)
BF.7,2210,2022-10-01,6296,20217,1,2210,2022,2022-10,"小規模 (5,000-9,999)",オミクロン期 (2022年)
BA.5.2.35,2210,2022-10-01,939,2539,1,2210,2022,2022-10,"微規模 (1,000-4,999)",オミクロン期 (2022年)
BA.5.2.6,2210,2022-10-01,1420,5440,1,2210,2022,2022-10,"微規模 (1,000-4,999)",オミクロン期 (2022年)
BA.5.2.13,2210,2022-10-01,863,2304,1,2210,2022,2022-10,"微規模 (1,000-4,999)",オミクロン期 (2022年)
BA.5.1.5,2210,2022-10-01,1106,4211,1,2210,2022,2022-10,"微規模 (1,000-4,999)",オミクロン期 (2022年)
BA.5.9,2210,2022-10-01,1342,4776,1,2210,2022,2022-10,"微規模 (1,000-4,999)",オミクロン期 (2022年)
BF.7.4,2210,2022-10-01,886,2867,1,2210,2022,2022-10,"微規模 (1,000-4,999)",オミクロン期 (2022年)
BF.11,2210,2022-10-01,1221,4510,1,2210,2022,2022-10,"微規模 (1,000-4,999)",オミクロン期 (2022年)
BQ.1.15,2211,2022-11-01,365,1016,1,2211,2022,2022-11,"微規模 (1,000-4,999)",オミクロン期 (2022年)
BA.2.3.20,2211,2022-11-01,326,1065,1,2211,2022,2022-11,"微規模 (1,000-4,999)",オミクロン期 (2022年)
BA.5.2.23,2211,2022-11-01,363,1045,1,2211,2022,2022-11,"微規模 (1,000-4,999)",オミクロン期 (2022年)
BA.5.2.34,2211,2022-11-01,764,2467,1,2211,2022,2022-11,"微規模 (1,000-4,999)",オミクロン期 (2022年)
BF.7.4.1,2211,2022-11-01,577,1846,1,2211,2022,2022-11,"微規模 (1,000-4,999)",オミクロン期 (2022年)
DY.3,2211,2022-11-01,1064,1783,1,2211,2022,2022-11,"微規模 (1,000-4,999)",オミクロン期 (2022年)
BE.1.1.1,2211,2022-11-01,399,1701,1,2211,2022,2022-11,"微規模 (1,000-4,999)",オミクロン期 (2022年)
BA.5.1.27,2211,2022-11-01,608,1863,1,2211,2022,2022-11,"微規模 (1,000-4,999)",オミクロン期 (2022年)
XBB,2212,2022-12-01,362,1062,1,2212,2022,2022-12,"微規模 (1,000-4,999)",オミクロン期 (2022年)
BQ.1.25,2212,2022-12-01,373,1044,1,2212,2022,2022-12,"微規模 (1,000-4,999)",オミクロン期 (2022年)
BN.1.4.4,2212,2022-12-01,532,1073,1,2212,2022,2022-12,"微規模 (1,000-4,999)",オミクロン期 (2022年)
BQ.1.1.5,2212,2022-12-01,1041,2568,1,2212,2022,2022-12,"微規模 (1,000-4,999)",オミクロン期 (2022年)
XBB.1,2212,2022-12-01,2154,6743,1,2212,2022,2022-12,"微規模 (1,000-4,999)",オミクロン期 (2022年)
BN.1.5,2212,2022-12-01,1011,2559,1,2212,2022,2022-12,"微規模 (1,000-4,999)",オミクロン期 (2022年)
BQ.1.11,2212,2022-12-01,1062,2896,1,2212,2022,2022-12,"微規模 (1,000-4,999)",オミクロン期 (2022年)
BQ.1.1.10,2212,2022-12-01,471,1373,1,2212,2022,2022-12,"微規模 (1,000-4,999)",オミクロン期 (2022年)
EF.1.1,2212,2022-12-01,503,1096,1,2212,2022,2022-12,"微規模 (1,000-4,999)",オミクロン期 (2022年)
BQ.1.3.2,2212,2022-12-01,910,2548,1,2212,2022,2022-12,"微規模 (1,000-4,999)",オミクロン期 (2022年)
BQ.1.14,2212,2022-12-01,1046,3003,1,2212,2022,2022-12,"微規模 (1,000-4,999)",オミクロン期 (2022年)
BQ.1.8,2212,2022-12-01,1416,3991,1,2212,2022,2022-12,"微規模 (1,000-4,999)",オミクロン期 (2022年)
BQ.1.12,2212,2022-12-01,1430,3979,1,2212,2022,2022-12,"微規模 (1,000-4,999)",オミクロン期 (2022年)
BQ.1.1.41,2212,2022-12-01,408,1194,1,2212,2022,2022-12,"微規模 (1,000-4,999)",オミクロン期 (2022年)
BQ.1.1.23,2212,2022-12-01,367,1150,1,2212,2022,2022-12,"微規模 (1,000-4,999)",オミクロン期 (2022年)
BQ.1.1.3,2212,2022-12-01,1419,3588,1,2212,2022,2022-12,"微規模 (1,000-4,999)",オミクロン期 (2022年)
BN.1.3,2212,2022-12-01,1283,3476,1,2212,2022,2022-12,"微規模 (1,000-4,999)",オミクロン期 (2022年)
BQ.1.1.24,2212,2022-12-01,516,1202,1,2212,2022,2022-12,"微規模 (1,000-4,999)",オミクロン期 (2022年)
EF.1,2212,2022-12-01,431,1211,1,2212,2022,2022-12,"微規模 (1,000-4,999)",オミクロン期 (2022年)
BQ.1.1.20,2212,2022-12-01,2299,4334,1,2212,2022,2022-12,"微規模 (1,000-4,999)",オミクロン期 (2022年)
BQ.1.1.6,2212,2022-12-01,394,1236,1,2212,2022,2022-12,"微規模 (1,000-4,999)",オミクロン期 (2022年)
BQ.1.1.18,2212,2022-12-01,1309,3337,1,2212,2022,2022-12,"微規模 (1,000-4,999)",オミクロン期 (2022年)
BN.1.3.1,2212,2022-12-01,1276,3139,1,2212,2022,2022-12,"微規模 (1,000-4,999)",オミクロン期 (2022年)
BN.1.2,2212,2022-12-01,708,1693,1,2212,2022,2022-12,"微規模 (1,000-4,999)",オミクロン期 (2022年)
BQ.1.10,2212,2022-12-01,1164,3103,1,2212,2022,2022-12,"微規模 (1,000-4,999)",オミクロン期 (2022年)
BN.1,2212,2022-12-01,870,2519,1,2212,2022,2022-12,"微規模 (1,000-4,999)",オミクロン期 (2022年)
BQ.1.2,2212,2022-12-01,1908,4962,1,2212,2022,2022-12,"微規模 (1,000-4,999)",オミクロン期 (2022年)
BQ.1.1.4,2212,2022-12-01,2127,4789,1,2212,2022,2022-12,"微規模 (1,000-4,999)",オミクロン期 (2022年)
CL.1,2212,2022-12-01,407,1152,1,2212,2022,2022-12,"微規模 (1,000-4,999)",オミクロン期 (2022年)
BQ.1.18,2212,2022-12-01,956,2467,1,2212,2022,2022-12,"微規模 (1,000-4,999)",オミクロン期 (2022年)
BQ.1.23,2212,2022-12-01,796,1750,1,2212,2022,2022-12,"微規模 (1,000-4,999)",オミクロン期 (2022年)
BQ.1.13,2212,2022-12-01,595,1621,1,2212,2022,2022-12,"微規模 (1,000-4,999)",オミクロン期 (2022年)
BQ.1.1.7,2212,2022-12-01,663,1886,1,2212,2022,2022-12,"微規模 (1,000-4,999)",オミクロン期 (2022年)
BQ.1.1.69,2212,2022-12-01,791,1914,1,2212,2022,2022-12,"微規模 (1,000-4,999)",オミクロン期 (2022年)
BQ.1.1.32,2212,2022-12-01,700,1967,1,2212,2022,2022-12,"微規模 (1,000-4,999)",オミクロン期 (2022年)
XBB.1.15,2212,2022-12-01,865,1998,1,2212,2022,2022-12,"微規模 (1,000-4,999)",オミクロン期 (2022年)
BQ.1.1.22,2212,2022-12-01,387,1040,1,2212,2022,2022-12,"微規模 (1,000-4,999)",オミクロン期 (2022年)
DN.2,2212,2022-12-01,656,1548,1,2212,2022,2022-12,"微規模 (1,000-4,999)",オミクロン期 (2022年)
BQ.1.1.1,2212,2022-12-01,883,2130,1,2212,2022,2022-12,"微規模 (1,000-4,999)",オミクロン期 (2022年)
BQ.1.1.8,2212,2022-12-01,898,2161,1,2212,2022,2022-12,"微規模 (1,000-4,999)",オミクロン期 (2022年)
BQ.1.5,2212,2022-12-01,705,2180,1,2212,2022,2022-12,"微規模 (1,000-4,999)",オミクロン期 (2022年)
BQ.1.13.1,2212,2022-12-01,492,1559,1,2212,2022,2022-12,"微規模 (1,000-4,999)",オミクロン期 (2022年)
BQ.1.1,2212,2022-12-01,25370,62772,1,2212,2022,2022-12,"中規模 (10,000-49,999)",オミクロン期 (2022年)
BQ.1.1.15,2212,2022-12-01,415,1025,1,2212,2022,2022-12,"微規模 (1,000-4,999)",オミクロン期 (2022年)
BQ.1.1.51,2212,2022-12-01,451,1020,1,2212,2022,2022-12,"微規模 (1,000-4,999)",オミクロン期 (2022年)
BA.5.11,2212,2022-12-01,1098,2288,1,2212,2022,2022-12,"微規模 (1,000-4,999)",オミクロン期 (2022年)
BA.5.1.34,2212,2022-12-01,650,1471,1,2212,2022,2022-12,"微規模 (1,000-4,999)",オミクロン期 (2022年)
BQ.1.1.2,2212,2022-12-01,877,2286,1,2212,2022,2022-12,"微規模 (1,000-4,999)",オミクロン期 (2022年)
BQ.1,2212,2022-12-01,9018,24530,1,2212,2022,2022-12,"小規模 (5,000-9,999)",オミクロン期 (2022年)
CH.1.1,2301,2023-01-01,2950,10011,1,2301,2023,2023-01,"微規模 (1,000-4,999)",安定期 (2023年)
CH.1.1.2,2301,2023-01-01,512,1637,1,2301,2023,2023-01,"微規模 (1,000-4,999)",安定期 (2023年)
DU.1,2302,2023-02-01,335,1009,1,2302,2023,2023-02,"微規模 (1,000-4,999)",安定期 (2023年)
XBB.1.5.31,2302,2023-02-01,331,1133,1,2302,2023,2023-02,"微規模 (1,000-4,999)",安定期 (2023年)
XBB.1.5.33,2302,2023-02-01,353,1277,1,2302,2023,2023-02,"微規模 (1,000-4,999)",安定期 (2023年)
DV.6,2302,2023-02-01,879,3116,1,2302,2023,2023-02,"微規模 (1,000-4,999)",安定期 (2023年)
CH.1.1.1,2302,2023-02-01,1199,3499,1,2302,2023,2023-02,"微規模 (1,000-4,999)",安定期 (2023年)
XBB.1.5.11,2302,2023-02-01,322,1001,1,2302,2023,2023-02,"微規模 (1,000-4,999)",安定期 (2023年)
XBB.1.5.51,2302,2023-02-01,353,1109,1,2302,2023,2023-02,"微規模 (1,000-4,999)",安定期 (2023年)
XBF,2302,2023-02-01,523,1706,1,2302,2023,2023-02,"微規模 (1,000-4,999)",安定期 (2023年)
XBB.1.5.20,2302,2023-02-01,504,1639,1,2302,2023,2023-02,"微規模 (1,000-4,999)",安定期 (2023年)
XBB.1.5.32,2302,2023-02-01,512,1490,1,2302,2023,2023-02,"微規模 (1,000-4,999)",安定期 (2023年)
XBB.1.5,2302,2023-02-01,25809,88199,1,2302,2023,2023-02,"中規模 (10,000-49,999)",安定期 (2023年)
XBB.1.5.17,2302,2023-02-01,474,1640,1,2302,2023,2023-02,"微規模 (1,000-4,999)",安定期 (2023年)
XBB.1.5.15,2302,2023-02-01,700,2336,1,2302,2023,2023-02,"微規模 (1,000-4,999)",安定期 (2023年)
XBB.1.9.1,2303,2023-03-01,1131,3953,1,2303,2023,2023-03,"微規模 (1,000-4,999)",安定期 (2023年)
FL.3,2303,2023-03-01,699,1701,1,2303,2023,2023-03,"微規模 (1,000-4,999)",安定期 (2023年)
XBB.1.5.13,2303,2023-03-01,1275,4063,1,2303,2023,2023-03,"微規模 (1,000-4,999)",安定期 (2023年)
XBB.1.5.1,2303,2023-03-01,533,1894,1,2303,2023,2023-03,"微規模 (1,000-4,999)",安定期 (2023年)
XBB.1.5.52,2303,2023-03-01,520,1330,1,2303,2023,2023-03,"微規模 (1,000-4,999)",安定期 (2023年)
XBB.1.5.4,2303,2023-03-01,380,1238,1,2303,2023,2023-03,"微規模 (1,000-4,999)",安定期 (2023年)
XBB.1.5.24,2303,2023-03-01,487,1240,1,2303,2023,2023-03,"微規模 (1,000-4,999)",安定期 (2023年)
XBB.1.5.7,2303,2023-03-01,1498,4079,1,2303,2023,2023-03,"微規模 (1,000-4,999)",安定期 (2023年)
FL.5,2303,2023-03-01,332,1015,1,2303,2023,2023-03,"微規模 (1,000-4,999)",安定期 (2023年)
XBB.1.9,2303,2023-03-01,314,1280,1,2303,2023,2023-03,"微規模 (1,000-4,999)",安定期 (2023年)
FD.2,2303,2023-03-01,715,2021,1,2303,2023,2023-03,"微規模 (1,000-4,999)",安定期 (2023年)
XBB.1.5.16,2303,2023-03-01,402,1292,1,2303,2023,2023-03,"微規模 (1,000-4,999)",安定期 (2023年)
XBB.1.5.49,2303,2023-03-01,615,2061,1,2303,2023,2023-03,"微規模 (1,000-4,999)",安定期 (2023年)
XBB.1.5.46,2303,2023-03-01,422,1108,1,2303,2023,2023-03,"微規模 (1,000-4,999)",安定期 (2023年)
XBB.1.5.21,2303,2023-03-01,302,1021,1,2303,2023,2023-03,"微規模 (1,000-4,999)",安定期 (2023年)
XBB.1.5.18,2303,2023-03-01,815,2231,1,2303,2023,2023-03,"微規模 (1,000-4,999)",安定期 (2023年)
XBB.1.9.2,2303,2023-03-01,658,2199,1,2303,2023,2023-03,"微規模 (1,000-4,999)",安定期 (2023年)
XBB.1.5.48,2303,2023-03-01,390,1325,1,2303,2023,2023-03,"微規模 (1,000-4,999)",安定期 (2023年)
XBB.1.5.37,2303,2023-03-01,291,1013,1,2303,2023,2023-03,"微規模 (1,000-4,999)",安定期 (2023年)
XBB.1.5.12,2303,2023-03-01,487,1262,1,2303,2023,2023-03,"微規模 (1,000-4,999)",安定期 (2023年)
FL.4,2305,2023-05-01,346,1653,1,2305,2023,2023-05,"微規模 (1,000-4,999)",安定期 (2023年)
EG.1,2305,2023-05-01,300,1393,1,2305,2023,2023-05,"微規模 (1,000-4,999)",安定期 (2023年)
XBB.1.16,2308,2023-08-01,1993,8987,1,2308,2023,2023-08,"微規模 (1,000-4,999)",安定期 (2023年)
XBB.2.3,2308,2023-08-01,237,1407,1,2308,2023,2023-08,"微規模 (1,000-4,999)",安定期 (2023年)
FU.1,2308,2023-08-01,283,1231,1,2308,2023,2023-08,"微規模 (1,000-4,999)",安定期 (2023年)
XBB.1.5.10,2308,2023-08-01,303,1489,1,2308,2023,2023-08,"微規模 (1,000-4,999)",安定期 (2023年)
GJ.1.2,2308,2023-08-01,812,2278,1,2308,2023,2023-08,"微規模 (1,000-4,999)",安定期 (2023年)
EG.6.1,2308,2023-08-01,531,1483,1,2308,2023,2023-08,"微規模 (1,000-4,999)",安定期 (2023年)
XBB.1.16.1,2308,2023-08-01,681,3000,1,2308,2023,2023-08,"微規模 (1,000-4,999)",安定期 (2023年)
XBB.1.16.6,2309,2023-09-01,2411,7907,1,2309,2023,2023-09,"微規模 (1,000-4,999)",安定期 (2023年)
JF.4,2309,2023-09-01,309,1065,1,2309,2023,2023-09,"微規模 (1,000-4,999)",安定期 (2023年)
EG.5.1.4,2309,2023-09-01,941,2937,1,2309,2023,2023-09,"微規模 (1,000-4,999)",安定期 (2023年)
HF.1,2309,2023-09-01,495,1537,1,2309,2023,2023-09,"微規模 (1,000-4,999)",安定期 (2023年)
FL.1.5.1,2309,2023-09-01,2879,8763,1,2309,2023,2023-09,"微規模 (1,000-4,999)",安定期 (2023年)
HK.6,2309,2023-09-01,333,1071,1,2309,2023,2023-09,"微規模 (1,000-4,999)",安定期 (2023年)
GE.1,2309,2023-09-01,454,1473,1,2309,2023,2023-09,"微規模 (1,000-4,999)",安定期 (2023年)
XBB.1.16.11,2309,2023-09-01,1297,4683,1,2309,2023,2023-09,"微規模 (1,000-4,999)",安定期 (2023年)
EG.5.1,2309,2023-09-01,1268,4392,1,2309,2023,2023-09,"微規模 (1,000-4,999)",安定期 (2023年)
EG.5.1.3,2309,2023-09-01,1294,4102,1,2309,2023,2023-09,"微規模 (1,000-4,999)",安定期 (2023年)
EG.5.1.1,2309,2023-09-01,2019,7294,1,2309,2023,2023-09,"微規模 (1,000-4,999)",安定期 (2023年)
EG.5.1.6,2310,2023-10-01,671,2648,1,2310,2023,2023-10,"微規模 (1,000-4,999)",安定期 (2023年)
XBB.1.16.15,2310,2023-10-01,791,2774,1,2310,2023,2023-10,"微規模 (1,000-4,999)",安定期 (2023年)
GS.4.1,2310,2023-10-01,338,1194,1,2310,2023,2023-10,"微規模 (1,000-4,999)",安定期 (2023年)
GK.1.1,2310,2023-10-01,325,1143,1,2310,2023,2023-10,"微規模 (1,000-4,999)",安定期 (2023年)
JD.1.1,2311,2023-11-01,888,2867,1,2311,2023,2023-11,"微規模 (1,000-4,999)",安定期 (2023年)
JF.1.1,2311,2023-11-01,413,1421,1,2311,2023,2023-11,"微規模 (1,000-4,999)",安定期 (2023年)
HV.1,2311,2023-11-01,5883,18750,1,2311,2023,2023-11,"小規模 (5,000-9,999)",安定期 (2023年)
JG.3,2311,2023-11-01,875,2569,1,2311,2023,2023-11,"微規模 (1,000-4,999)",安定期 (2023年)
HK.3,2311,2023-11-01,1062,3144,1,2311,2023,2023-11,"微規模 (1,000-4,999)",安定期 (2023年)
JN.2,2312,2023-12-01,518,1283,1,2312,2023,2023-12,"微規模 (1,000-4,999)",安定期 (2023年)
BA.2.86.1,2312,2023-12-01,940,2701,1,2312,2023,2023-12,"微規模 (1,000-4,999)",安定期 (2023年)
JN.1.1,2312,2023-12-01,2080,5177,1,2312,2023,2023-12,"微規模 (1,000-4,999)",安定期 (2023年)
JN.1,2401,2024-01-01,10077,27811,1,2401,2024,2024-01,"中規模 (10,000-49,999)",最新期 (2024年+)
JN.1.39,2401,2024-01-01,539,1583,1,2401,2024,2024-01,"微規模 (1,000-4,999)",最新期 (2024年+)
JN.1.4,2401,2024-01-01,4650,14153,1,2401,2024,2024-01,"微規模 (1,000-4,999)",最新期 (2024年+)
JN.1.4.5,2401,2024-01-01,1129,3044,1,2401,2024,2024-01,"微規模 (1,000-4,999)",最新期 (2024年+)
JN.1.9,2401,2024-01-01,377,1030,1,2401,2024,2024-01,"微規模 (1,000-4,999)",最新期 (2024年+)
JN.1.7,2402,2024-02-01,735,3120,1,2402,2024,2024-02,"微規模 (1,000-4,999)",最新期 (2024年+)
JN.1.8.1,2402,2024-02-01,797,2303,1,2402,2024,2024-02,"微規模 (1,000-4,999)",最新期 (2024年+)
JN.1.13.1,2402,2024-02-01,304,1037,1,2402,2024,2024-02,"微規模 (1,000-4,999)",最新期 (2024年+)
KP.2,2405,2024-05-01,837,2909,1,2405,2024,2024-05,"微規模 (1,000-4,999)",最新期 (2024年+)
KP.1.1.1,2406,2024-06-01,317,1010,1,2406,2024,2024-06,"微規模 (1,000-4,999)",最新期 (2024年+)
KP.3.1,2406,2024-06-01,1237,3622,1,2406,2024,2024-06,"微規模 (1,000-4,999)",最新期 (2024年+)
KP.3,2406,2024-06-01,453,1299,1,2406,2024,2024-06,"微規模 (1,000-4,999)",最新期 (2024年+)
KP.3.1.4,2406,2024-06-01,433,1027,1,2406,2024,2024-06,"微規模 (1,000-4,999)",最新期 (2024年+)
KP.3.2,2406,2024-06-01,477,1266,1,2406,2024,2024-06,"微規模 (1,000-4,999)",最新期 (2024年+)
LB.1.7,2407,2024-07-01,849,2389,1,2407,2024,2024-07,"微規模 (1,000-4,999)",最新期 (2024年+)
KP.3.2.3,2407,2024-07-01,419,1052,1,2407,2024,2024-07,"微規模 (1,000-4,999)",最新期 (2024年+)
KP.3.3,2407,2024-07-01,1095,2658,1,2407,2024,2024-07,"微規模 (1,000-4,999)",最新期 (2024年+)
KP.2.3,2407,2024-07-01,2134,6235,1,2407,2024,2024-07,"微規模 (1,000-4,999)",最新期 (2024年+)
KP.1.1.3,2407,2024-07-01,440,1313,1,2407,2024,2024-07,"微規模 (1,000-4,999)",最新期 (2024年+)
LB.1,2407,2024-07-01,510,1563,1,2407,2024,2024-07,"微規模 (1,000-4,999)",最新期 (2024年+)
LB.1.3,2407,2024-07-01,380,1102,1,2407,2024,2024-07,"微規模 (1,000-4,999)",最新期 (2024年+)
KP.2.2,2407,2024-07-01,583,1836,1,2407,2024,2024-07,"微規模 (1,000-4,999)",最新期 (2024年+)
KP.3.1.1,2408,2024-08-01,3503,9885,1,2408,2024,2024-08,"微規模 (1,000-4,999)",最新期 (2024年+)
